Everybody: The sheet is closed from further editing. We still need help with Pashto, Tigrinya, Amharic and the Kurdish languages. If you can help with that, get in touch with medical@refugeephrasebook.de																																						
				important: Please do not change the layout here, no new sheets - create a new document on GDrive and copy the contents for your own version. Thanks!			Principal author for Bangla, please get in touch for proofreading	Still large gaps in Pashto!	Proofread Version (Vlasta Paulic)	The entire column proofread (up until Nr. 152). Vlasta Paulic (Croatian), Vladan Borcic (Serbian). Protected.											Proofreading and vetting required												 					
German	Arabic	English		Turkish	French	Farsi/Dari	Bangla	Pashto	Albanian	Bosnian/Croatian/Serbian	Serbian	Russian	Italian	Kurdish (Sorani)	Kurdish (Kurmancî)	Swedish / Norwegian / Danish	Finnish	Icelandic	Mandinka	Woloff	Urdu	Czech / Slovak	Spanish	Hungarian	Portuguese	Greek alphabet	Romanian	Czech	Bulgarian	Macedonian	Filipino	Vietnamese	Polish 1	Slovenian	Hindi	Dutch	amharic	Korean 
Ich muss zum Arzt	أحتاج أن أرى طبيب 	I need to see a doctor		Doktora görünmem gerekiyor.	Je dois voir un médecin	باید یه دکتر ببینم	আমার একজন ডাক্তার দেখান দরকার	 زه په ډاکټر ځان  معاېٔنه کوم\ زه ډاکټر تة ځان ښاېٔمه	Me duhet nje mjek	Treba mi ljekar/ liječnik/ doktor.	Треба ми доктор.	Мне нужен врач	Ho bisogno di vedere un medico		Divê ez biçim doxtor (bijîşk).	Jag behöver en läkare/Jeg trenger en lege / jeg har brug for en læge	Minun täytyy päästä lääkäriin.				مجھے ڈاکٹرسےملنا ہے	C: Potřebuji navštívit doktora. S: Potrebujem doktora.	Necesito un médico	Orvoshoz kell mennem 	Preciso de um médico.	Πρέπει να με δει γιατρός.	Am Nevoie de un medic	Potřebuji navštívit doktora.	Трябва ми лекар.	Ми треба доктор (Mi treba doktor)	Kailangan ko ng doktor	Tôi phai di bac si.	Muszę iść do lekarza	Potrebujem zdravnika.		Ik heb een dokter nodig 		의사 선생님을 뵙고 싶습니다 
Ich muss ins Krankenhaus	أحتاج أن أذهب إلى المستشفي 	I need to go to the hospital		Hastaneye gitmem gerekiyor.	Je dois aller à l'hôpital	باید برم بیمارستان	আমার হাসপাতালে যেতে হবে	ماله هسپتال ته تګ پکار دے  \ماله هسپتال ته تله پکار دې	Duhet të shkoj ne spital	Moram u bolnicu.	Морам да идем у болницу.	Мне нужно пойти в к врачу	Ho bisogno di andare in ospedale	Debê birom nexoşxane / ده‌بێ بڕۆم نه‌خۆشخانه‌	Divê ez biçim nexweşxanê.	Jag måste till sjukhuset/Jeg må på sykehus /Jeg skal på sygehuset	Minuntäytyy päästä sairaalaan.				مجھے ہسپتال جانا ہے	C: Zavolejte mi prosím sanitku. S: Potrebujem ist do nemocnice.	Necesito ir al hospital	Kórházba kell mennem	Preciso de ir para o hospital.	Πρεπει να πάω σε νοσοκομείο!	Trebuie sa merg la spital	Potřebuji do nemocnice.	Трябва ми болница.	Морам да одам во болница (Moram da odam vo bolnica)	Kailangan kong pumunta sa ospital	Tôi phai di benh vien. 	Muszę iść do szpitala	Moram v bolnico		Ik moet naar het ziekenhuis		병원에 가야합니다 
Ich brauche einen Rettungswagen	أحتاج سيارة إسعاف	I need an ambulance		Ambulans çağırır mısınız?	J'ai besoin d'une ambulance	آمبولانس میخوام	আমার একটি অ্যাম্বুলেন্স দরকার	\ ماله اېمبولینس راولٔے ماته اېمبولینس  پکار دے	Me nevojitet nje ambulace	 Potrebno mi je vozilo hitne pomoći (Trebam kola hitne pomoći).	Потребна ми је хитна помоћ.	Мне нужна скорая помощь	Ho bisogno di un'ambulanza	Pêwîstîm be otombêlî firyakewtin heye. / پێویستیم به‌ ئۆتۆمبێڵی فڕیاکه‌وتن هه‌یه‌.	Ambulansek ji min re pêwist e.	Jag behöver en ambulans/Jeg trenger en ambulanse / jeg har brug for en ambulance	Tarvitsen ambulanssin.				مجھے ایمبولنس چاہیے	C: Zavolejte mi prosím sanitku. S: Potrebujem sanitku.	Necesito una ambulancia	Kell egy mentö	Preciso de uma ambulância.	Χρειάζομαι ασθενοφόρο.	Am nevoie de o ambulanta	Zavolejte mi prosím sanitku.	Трябва ми линейка.	Ми треба амбулантно возило (Mi treba ambulantno vozilo)	Kailangan ko ng ambulansya	Tôi can cap cuu. 	Potrzebuję karetki	Pokličite reševalce.		Ik heb een ambulance nodig		구급차를 요청합니다 
																																						
Wo kann ich dieses Rezept einlösen?	أين يمكنني أن أصرف الروشتة؟ او الوصفه الطبيه 	Where can I fill this prescription?		Bu reçeteyi nerede doldurabilirim?	Où puis-je acheter ce médicament ?	از کجا میتونم نسخه ام را بگیرم؟	কোথায় আমি প্রেসক্রিপশনে তথ্য যোগ করতে পারব?  	دا نسخہ دارو چرتا ملاویگی	Ku mund ta plotësoj këtë recete?	Gdje mogu podići lijek (lek) za ovaj recept?	Где могу подићи лек за овај рецепт?	Где можно купить лекарство по этому рецепту?	Dove posso comprare questo farmaco?		Ez li ku derê dikarim vî dermanî bibînim?	Var kan jag hämta ut ett recept/Hvor kan jeg hente medisiner? 	Mistä saan nämä reseptilääkkeet?				میں یہ نسخے کی دوائی کہاں سے حااصل کروں؟	C: Kde si mohu obstarat tyto léky? S: Kde môžem získať tieto lieky ?	¿Dónde puedo obtener esta receta?	Hol tudom kiváltani ezt a receptet?	Onde posso levantar esta receita?	Από πού μπορώ να πάρω αυτή την συνταγή?	De unde pot lua aceasta rețetă?	Kde si mohu vyzvednout medikamenty na předpis?	Къде мога да взема лекарствата от тази рецепта?	Каде можам да го подигнам овој рецепт? (Kade mozam da go podignam ovoj recept? )	Saan ako maaaring punan ang resetang ito?	Toi mua thouc nay o dau duoc?	Gdzie mogę zrealizować receptę?	Kje lahko dobim recept?		Waar kan ik dit voorschrift/recept krijgen?		처방약을 어디서 받아야 하는지요?
Wann muss ich wiederkommen?	متي يمكنني أن آتي لرؤيتك مجدداً؟	When do I have to come back?		Sizi tekrar görmek için ne zaman gelmem gerekiyor?	Quand dois-je revenir?	کی باید دوباره بیام؟	আমার আবার কখন ফেরত আসতে হবে?	 دوبارہ بہ کلا رازم	Kur duhet të vi përsëri?	Kada moram opet doći (kada moram opet da dođem)?	Када опет да дођем?	Когда мне нужно вернуться к вам?	Quando devo tornare?	Debê key bêmewe / ? ده‌بێ که‌ی بێمه‌وه‌؟	Divê ez kengî dîsa werim?	När behöver jag komma tillbaka/Når må jeg komme tilbake? / hvornår skal jeg komme tilbage?	Milloin minun pitää tulla uudelleen?				مجھے دوبارہ کب آنا ہے؟	C: Kdy mám zase přijít? S: Kedy mám prísť znovu ?	¿Cuándo tengo que volver a verle?	Mikor kell visszajonnom?	Quando tenho que voltar a vê-lo?	Πότε πρέπει να ξαναέρθω? 	Cînd trebuie să mă întorc?	Kdy mám přijít na další prohlídku?	Кога трябва да дойда отново?	Кога треба да дојдам повторно? (Koga treba da dojdam povtorno)	Kailan ko kailangang bumalik?	Bao gio toi phai quay lai?	Kiedy muszę wrócić?	Kdaj moram priti nazaj?		Wanneer moet ik terug komen?		제가 다시 와야하는지요?
Muss ich ins Krankenhaus?	هل لابد أن آتقدم الي المستشفي	Do I have to be admitted to the hospital?		Hastaneye yatmam gerekiyor mu?	Es-ce que je dois aller à l'hôpital?	 آیا باید برم بیمارستان؟	আমাকে কি হাসপাতালে ভর্তি হতে হবে? 	ھسپتال کی داخلہ پکار دہ	A duhet të shkoj në spital?	Moram li ići u bolnicu?	Морам ли у болницу?	Мне нужно лечь в больницу?	Devo andare in ospedale?	Debê birom nexoşxane / ? ده‌بێ بڕۆم نه‌خۆشخانه‌؟	Ez mecbûrim herim nexweşxanê?	Måste jag till sjukhuset?/Må jeg på sykehus? 	Pitääkö minun mennä sairaalaan?				کییا مجھے ہسپتال میں داخل ہونا ہے؟	C: Musím do nemocnice? S: Musím ísť do nemocnice ?	¿Es necesario que vaya al hospital?	Szukseges, hogy befekudjek korhazba?	Tenho que ser internado no hospital?	Πρέπει να εισαχθώ σε νοσοκομείο?	Trebuie să fiu internat în spital?	Potřebuji do nemocnice?	Трябва ли да влизам в болница?	Дали треба да ме примат во болница? (Dali treba da me primat vo bolnica)	Kailangan ko bang ma-admit sa ospital?	Toi co can phai di benh vien khong?	Czy muszę iść do szpitala?	Ali moram v bolnico?		Moet ik naar het ziekenhuis?		병원에 입원해야만 하는지요?
																																						
Ich habe Asthma	عندي أزمة (صدرية) أو عندي ربو	I have asthma		Astımım var.	J'ai de l'asthme	من آسم دارم	আমার হাঁপানির রোগ আছে। 	ماتہ دہ دمہ بیماری دہ	Unë kam azëm	Imam astmu.	Имам астму.	У меня  астма	Soffro di asma	Min tenge nefesî heye. / من ته‌نگه‌ نه‌فه‌سی هه‌یه‌.	Astima min heye	Jag har astma/Jeg har astma / jeg har astma	Minulla on astma.				مجھے دمہ ہے	C: Mám astma. S: Mám astmu.	Tengo asma	Asztmas vagyok	Tenho asma	 Έχω άσθμα.	Sufăr de astm.	Mám astma.	Имам астма.	Имам астма (imam astma)	May asthma ako	Toi bi benh hen. 	Mam astmę	Imam astmo		Ik heb astma		천식이 있습니다 
Ich habe chronische Bronchitis	 عندي برونشيت مزمن (أو التهاب قصبات حادّ مزمن)	I have chronic bronchitis		Kronik bronşitim var.	J'ai une bronchite chronique	برونشیت مزمن دارم	আমার পুরোনো ব্রঙ্কাইটিস আছে। 		Kam Bronhitis kronik	Imam kronični (hronični) bronhitis.	Имам хронични бронхитис.	У меня хронический бронхит	Soffro di bronchite cronica	Bronşîtim heye. / برۆنشیتم هه‌یه‌.	Bronşîta min kronîk e.	Jag har kronisk bronkit/Jeg har kronisk bronkitt	Minulla on krooninen keuhkoputken tulehdus				مجھے  دائمی کھانسی ہے	C: Mám chronickou bronchitidu. S: Mám chronickú bronchitídu.	Tengo bronquitis crónica	Kronikus bronchitisem van.	Tenho bronquite crónica	 Έχω χρόνια βρογχίτιδα.	Sufăr de bronșită cronică.	Mám chronickou bronchitidu.	Имам хроничен бронхит.	Имам хроничен бронхитис (Imam hronicen bronhitis)	May chronic bronchitis ako	Toi bi Viêm phế quản	Mam chroniczne zapalenie oskrzeli	Imam kronični bronhitis		Ik heb chronische bronchitis		만성 가관지염이 있습니다 
Ich habe Herzinsuffizienz	لدي قصور القلب (أو فشل القلب)	I have heart failure		Kalp yetmezliğim var.	J'ai une insuffisance cardiaque	من نارسایی قلبی دارم	আমার হৃদরোগ আছে।	دہ زڑہ ناروغی دہ راتہ	Kam lodhje zëmre	Imam zatajenje srca. 		У меня сердечная недостаточность	Soffro di insufficienza cardiaca	Nexoşî dilim heye. / نه‌خۆشی دڵم هه‌یه‌.	Nexweşiya dil têrnekirinê li min heye	Jag har hjärtproblem/Jeg har hjerteproblemer	Minulla on sydänongelmia				میرادل کمزورہے	C: Mám problém se srdcem. S: Mam problémy zo srdcom.	Tengo una insuficiencia cardíaca	Szivelegtelensegben szenvedek.	Tenho uma insuficiencia cardíaca	 Έχω καρδιακή ανεπάρκεια.	Sufăr de insuficiență cardiacă.	Mám srdeční selhání.	Имам сърдечна недостатъчност.	Имам слабо срце (Imam slabo srce)	May heart failure ako	Toi bi Sung huyết suy tim	Mam wadę serca	Imam srčno popuščanje		Ik heb hart problemen		심부전을 가지고 있습니다 
Ich hatte einen Herzinfarkt	حصلت معي ذبحة قلبية 	I had a myocardial infarction		Kalp krizi gecirdim.	J'ai eu un infarctus (du myocarde)	من سکته قلبی داشته ام	আমার হার্ট অ্যাটাক হয়েছে। 		Kam pasur njëherë infarkt ne zemër	Imao (m) / imala (f) sam infarkt / srčani udar.	Имао/имала сам срчани удар.	У меня был инфаркт	Ho avuto un infarto	Celdey dilim heye. / جه‌ڵده‌ی دڵم هه‌یه‌.	Dilê min sekinî / rawestî	Jag har haft hjärtinfarkt/Jeg har hatt et infarkt	Minulla on ollut sydänkohtaus				مجھے دل کا دورہ پژ چکا ہے	C: Jsem po infarktu. S: Mal som infarkt myokardu.	He tenido un infarto	Szívinfarktusom volt.	Tive um enfarte	Εχω περάσει καρδιακό έμφραγμα.	Am suferit un infarct.	Jsem po infarktu.	Имах сърдечен инфаркт.	Имав инфаркт (Imav infarkt)	Inaatake ang puso ko	Toi bi Cơn đau tim	Jestem po zawale serca	Imel sem srčni napad.		Ik heb een hartaanval gehad.		심근경생증이(심장마비) 있었습니다 
Ich habe Epilepsie	لدي صرع	I have epilepsy		Epilepsi/Sara hastasıyım.	Je suis épileptique	من صرع دارم	আমার মৃগীরোগ আছে। 	ماتہ میرگی دہ	Kam epilepsi	Imam epilepsiju.  	Имам епилепсију.	У меня эпилепсия	Soffro di epilessia	سەرعم هەیە	Ez tebê digrim (Epîlepsia min heye)	Jag har epilepsi/Jeg har epilepsi	Minulla on epilepsia				مجھے مرگی ہے	C: Mám epilepsii. S: Mám epilepsiu.	Tengo epilepsia	Eplilepszias vagyok.	Tenho epilepsia	 Έχω επιληψία.	Sufăr de epilepsie.	Mám epilepsii.	Имам епилепсия.	Имам епилепсија (Imam epilepsija)	May epilepsi ako	Toi bi Bệnh động kinh	Mam padaczkę / Mam epilepsję	Imam epilepsijo		Ik heb epilepsie		간질병이 있습니다 
Ich habe Krebs	عندي سرطان	I have cancer		Kanserim.	J'ai un cancer	من سرطان دارم.	আমার ক্যান্সার আছে। 	 ماتہ سرطان ناروغۍ دہ	Kam kancer	Imam rak.	Имам рак.	У меня рак	Sono malata/o di cancro	شێرپەنجەم هەیە	Kansera (Penceşêr) min heye	Jag har cancer/Jeg har kreft	Minulla on syöpä				مجھے کینسر ہے	Mám rakovinu.	Tengo cáncer	Rakos vagyok.	Tenho cancro	 Έχω καρκίνο.	Sînt bolnav de cancer.	Mám rakovinu.	Имам рак.	Имам рак (Imam rak)	May kanser ako	Toi bi ung thu.	Mam raka	Imam raka		Ik heb kanker		암을 가지고 있습니다 
Ich habe Tuberkulose	عندي داء السلّ	I have tuberculosis		Tüberküloz/Verem hastasıyım.	J'ai la tuberculose	من سل دارم.	আমার যক্ষ্মা রোগ হয়েছে। 	ما لہ ٹیبی دہ	Kam tuberkuloz	Imam tuberkulozu (sušicu).                                                                                                                                                                                                                                                        	Имам туберкулозу.	У меня туберкулез	Ho la tubercolosi	نەخۆشی سیلم هەیە	Nexweşiya min a tuberkulozê (jana zirav) heye	Jag har tuberkulos/Jeg har tuberkulose	Minulla on tuberkuloosi				مجھے  ثی بی ہے	Mám tuberkulózu	Tengo tuberculosis	Tuberkulozisom van.	Tenho tuberculose	Έχω φυματίωση.	Sînt bolnav de tuberculoză.	Mám tuberkulózu.	Имам туберкулоза.	Имам туберкулоза (Imam tuberkuloza)	May tuberkulosis ako	Toi bi Bệnh lao	Mam gruźlicę	Imam tuberkulozo		Ik heb TBC		결핵이 있습니다 
Ich habe Diabetes	عندي سكّري	I have diabetes		Diyabet/Şeker hastasıyım.	Je suis diabétique	من دیابت دارم.	আমার ডায়াবেটিস আছে। 	ما لہ زیہبیتس دے	Kam diabet	Imam dijabetes.	Имам дијабетес.	У меня диабет	Ho il diabete	نەخۆشی شەکرەم هەیە	Şekirê min heye	Jag har diabetes/Jeg har diabetes	Minulla on Diabetes				مجھے ذیابطس (شوگر) ہے	Mám cukrovku	Tengo diabetes	Cukorbeteg vagyok.	Tenho diabetes	 Έχω διαβήτη.	Am diabet	Jsem diabetik.	Имам диабет.	Имам дијабетeс (Imam dijabetes)	May diabetes ako	Toi bi Bệnh tiểu đường	Mam cukrzycę / Jestem cukrzykiem	Imam diabetes/ sladkorno bolezen		Ik heb diabetes		당뇨병이 있습니다 
Ich habe HIV	عندي سيدا	I have HIV		HIV hastasıyım.	J'ai le V.I.H.	من ایدز دارم.	আমার এইচআইভি আছে। 	ما لہ ایچ آی وی دے	Kam HIV	Imam HIV / SIDU / AIDS.	Имам ХИВ.	У меня  ВИЧ	Sono malata/o di HIV	هەلگری نەمانی بەرگری لەش	HIV a min heye (Vîrûsê AIDSê)	Jag har HIV/Jeg har HIV	Minulla on HIV				مجھے ایچ آی وی ہے	Mám HIV	Tengo VIH/SIDA	HIV pozitiv / AIDS-es vagyok	Tenho sida	 Έχω τον ιό HIV.	Am SIDA	Jsem HIV pozitivní.	Аз съм ХИВ позитивен.	Имам ХИВ (Imam HIV)	May HIV ako	Toi co benh SIDA.	Mam HIV	Imam HIV		Ik heb het HIV virus		면역결핍 바이러스를 가지고 있습니다 
Ich habe Leukämie	عندي لوكيميا	I have leukaemia		Lösemi hastasıyım.	J'ai la leucémie	سرطان خون دارم	আমার লিউকেমিয়া আছে। 	 ماتہ دہ وینے  سرطان ناروغۍ دہ	Kam leukemi	Imam leukemiju.	Имам леукемију.	У меня белокровие/лейкемия	Ho la leucemia	شێرپەنجەی خوێنم هەیە	Kansera min a xwînê (leukaemî) heye 	Jag har leukemi/Jeg har leukemi	Minulla on leukemia				مجھے لیوکیمیا ہے	C: Mám leukemii. S: Mám leukemiu	Tengo leucemia	Leukemias vagyok.	Tenho leucemia	Έχω λευχαιμία.	Am leucemie	Mám leukemii.	Имам левкемия. 	Имам леукемија (Imam leukemija)	May leukaemia ako	Toi bi ung thu mau.	Mam białaczkę	Imam levkemijo		Ik heb leukemie		백혈병을 가지고 있습니다 
Ich habe Sichelzellenanämie	عندي فقر دم منجلي (أو فقر دم انحلالي)	I have sickle cell disease		Orak hücreli anemi hastaligim var.	J'ai une sicklanémie (Syn: hémoglobinose SS , Drépanocytose homozygote	من بیماری سلول داسی شکل دارم	আমার সিকেল সেল রোগ আছে। 		Unë kam anemi drepanocitozës	Imam bolest srpastih stanica (anemiju srpastih ćelija).	Имам анемију српастих ћелија.	У меня серповидноклеточная анемия	Soffro di anemia drepanocitica	شیبوونەوەی خوێنم هەیە		Jag har sicklecellanemi/Jeg har sigdcelleanemi.	Minulla on sirppisoluanemia				مجھے سکل سیل کی بیماری ھے	C: Mám srpkovitou anémii. S: Mám mesiačikovú anémiu. 	Tengo la enfermedad de células falciformes	Sarlósejtes vérszegénységben szenvedek	Eu tenho uma doença falciforme	 Έχω δρεπανοκυτταρική αναιμία.	Sufar de siclemie (anemia cu celule in secera)	Mám srpkovitou anémii.	Имам сърповидно-клетъчно нарушение.	Имам српеста анемија (Imam srpesta anemija)	May sickle cell disease ako		Mam anemię sierpowatą	Imam anemijo srpastih celic.		Ik heb een cel ziekte (sikkelcelanemie)		겸상적혈구병이 있습니다 
Ich habe Thalassämie	لدي ثالاسيميا	I have thalassaemia		Talasemi hastasıyım.	J'ai la thalassémie	من تالاسمی دارم.	আমার থ্যালাসামিয়া রোগ আছে। 		Unë kam talasemi	Bolujem od talasemije.	Ја болујеm од таласемијe.	У меня эритробластическая анемия/талассемия 	Ho la talassemia	نەخۆشی تالاسیمام هەیە		Jag har talassemi/Jeg har talassemi.	Minulla on talassaemia				مجھے تھیلیسیمیا ہے 	C: Mám geneticky pomíněnou anemii S: Mám talasémiu.	Tengo talasemia/anemia de Cooley	Thalassemiam van	eu tenho talassemia	Έχω Θαλασσαιμία.	Sufar de talasemie	Mám geneticky pomíněnou anemii	Имам таласемия.	Имам таласемија (Imam talasemija)	May thalassaemia ako		Cierpię na talasemię / niedokrwistość tarczowatokrwinkową	Imam talasemijo.		Ik heb Thalassemie		지중해빈혈을 가지고 있습니다 
Ich leide an Depressionen	لدي اكتئاب مزمن	I have chronic depression		Kronik depresyon hastasıyım.	Je suis dépressif/dépressive	من افسردگی دارم.	আমার বিষণ্ণতা রোগ আছে। 		Unë kam depresion kronik	Bolujem/patim od kronične depresije (hronične depresije).	Болујем од хроничне депресије.	У меня хроническая депрессия	Soffro di depressione cronica	خەمۆکیم هەیە	Depresyona min a kronîk heye	Jag har kronisk depression/Jeg har kronisk depresjon.	Minulla on masennus				 مجھے شدید ڈپریشن ہے 	C: Trpím chronickou depresí. S: Trpim chronickou depresiou	Tengo depresión crónica	Kronikus depresszioban szenvedek	Tenho depressão crónica	 Έχω κατάθλιψη.	Sufar de depresie cronica	Trpím chronickou depresí.	Страдам от хронична депресия.	Имам хронична депресија (Imam hronicna depresija)	May kronikong depresyon ako	Toi bi Trầm cảm	Cierpię na chroniczną depresję	Imam kronično depresijo		Ik ben depressief		만성우울증이 있습니다 
Ich habe Schizophrenie	لدي شيزوفرينيا (فصام)	I have schizophrenia		Şizofrenim.	Je souffre de schizophrénie 	من شیزوفرنی دارم.	আমার মন বৈকল্য রোগ আছে। 		Kam skizofreni	Bolujem/patim od shizofrenije (šizofrenije).	Болујем од схизофреније.	У меня шизофрения	Sono schizofrenica/o	نەخۆشی خەمۆکیم هەیە	Nexweşiya min a şîzofrenî heye	Jag har schizofreni/Jeg har schizofreni.	Minulla on skitsofrenia				مجھے شیزوفرینیا ہے 	C: Mám schizofrenii. S: Som schizofrenik	Soy esquizofrénico	Skizofren vagyok	Sou esquizofrénico	 Έχω σχιζοφρένεια.	Sufar de schizofrenie	Trpím schizofrenií.	Имам шицофрения.	Имам шизофренија (Imam shizofrenija)	May skisoprenya ako	Toi bi Tâm thần phân liệt	Cierpię na schizofrenię	Imam shizofrenijo		Ik ben schizofreen		정신분열증이 있습니다 
Ich habe eine bipolare Störung	لدي الاضطراب وجداني ثنائي القطب (أو الهوس الاكتئابي)	I have bipolar disorder		Bipolar bozukluğum var.	Je souffre de troubles bipolaires	من (افسردگی) دوقطبی دارم.	আমার বাইপোলার ডিজঅর্ডার আছে। 		Unë kam çrregullim bipolar	Bolujem/patim od bipolarnog poremećaja.	Болујем/патим од биполарног поремећаја.	У меня биполярное расстройство	Soffro di disturbi bipolari		Nexweşiya min a bipolarî heye	Jag har bipolär sjukdom/Jeg har bipolar lidelse.	Olen maanisdepressivinen				مجھے بآے پولر ڈسآڈر ہے	C: Mám bipolární poruchu osobnosti. S: Mám bipolárnu poruchu osobnosti.	Soy bipolar	Bipolaris vagyok	Sou bipolar	 Έχω διπολική διαταραχή.	Sufar de tulburari bipolare (cu trasaturi psihotice)	Trpím bipolární poruchou osobnosti.	Страдам от биполярно разтройство. 	Имам биполарно пореметување (Imam bipolarno poremetuvanje)	May bipolar disorder ako		Cierpię na chorobę dwubiegunową	Imam bipolarno motnjo		Ik heb een bipolaire stoornis		양극성 장애가 있습니다 
																																						
Das sind meine Medikamente	هذا دوائي (أو هذه أدويتي)	This is my medication		Bu(nlar) benim ilaç(lar)ım.	Ce sont mes médicaments	این داروهای من است.	এই যে আমার ওষুধ। 	دا زما دوای دہ	Keto janë medikamentet e mia	Ovo su lijekovi (lekovi) koje uzimam.	Ово је мој лек.	Это мое лекарство	Questo è il farmaco che prendo abitualmente	ئەوە دەرمانەکەمە	Ev dermanê min in.	Detta är mina mediciner/Dette er min(e) medisin(er).	Nämä ovat lääkkeeni				یہ میری دوائی ہے	C: Toto jsou mé léky. S: Toto su moje lieky.	Esta es mi medicación	Ezeket a gyogyszereket szedem	Esta é a minha medicação.	Αυτά είναι τα φάρμακα που παίρνω.	Acesta este medicamentul meu	Toto jsou mé léky.	Това са лекарствата ми.	Ова се моите лекови (Ova se moite lekovi)	Ito ang mga gamot ko	Day la thuoc cua toi. 	To mój lek	To so moja zdravila		Dit zijn mijn medicijnen		이것은 나의 약입니다
Ich nehme diese Medikamente täglich	آخذ هذا الدواء يومياً	I take this medication every day		Bu ilaç(ları) her gün alıyorum.	Je prends ces médicaments tous les jours	من این دارو را هر روز مصرف میکنم.	আমি এই ওষুধগুলো প্রতিদিন খাই। 	زہ دا دوای روزانہ خرم	Unë marrë këto barrna çdo ditë	Ove lijekove (lekove) uzimam svaki dan.	Узимам овај лек сваки дан.	Я принимаю это лекарство каждый день	Assumo questo farmaco giornalmente	ئەم دەرمانە رۆژانە دەخۆم	Ez van dermanan her roj dixwim.	Jag tar denna medicinen varje dag/Jeg tar denne medisinen hver dag.	Otan nämä lääkkeet päivittäin				میں یہ دوا روز لیتا ہوں	C: Tyto léky beru denně. S: Tieto lieky beriem každý deň.	Tomo esta medicación todos los días / cada día	Ezeket a gyogyszereket szedem minden nap	Eu tomo esta medicação todos os dias.	Παίρνω αυτά τα φάρμακα μία φορά την ημέρα.	Iau acest medicament zilnic	Tyto medikamenty beru denně.	Вземам тези лекарства дневно.	Овие лекови ги земам секој ден (Ovie lekovi gi zemam sekoj den)	Iniinom ko ang gamot na ito araw-araw	Toi can phai uong thuoc nay hang ngay.	Biorę ten lek codziennie	Ta zdravila jemljem vsak dan		Ik neem dit medicijn iedere dag		이 약을 매일 복용합니다
Ich nehme diese Medikamente seit Jahren	آخذ هذا الدواء منذ سنوات	I have been taking this medication for years		Bu ilaç(ları) yıllardır kullanıyorum.	Je prends ces médicaments depuis des années	من سال هاست این دارو را مصرف میکنم.	আমি এই ওষুধগুলো অনেকদিন ধরে খাই। 	زہ دا دوای ذیرو کال نا خرم	Unë i kam pirë këto barrna prej vitesh	Ove lijekove (lekove) uzimam već godinama.	Узимам овај лек већ годинама.	Я принимаю это лекарство уже несколько лет	Prendo questo farmaco da anni	چەند سالێکە ئەم دەرمانە دەخۆم	Ez bi salan van dermanan dixwim.	Jeg har tagit den här medicinen i flera år./Jeg har tatt denne medisinen i mange år.	Olen ottanut näitä lääkkeitä jo vuosia				میں یہ دوائی ایک سال سے لے رہا ہوں	C: Tyto léky už beru dlouho. S: Tieto lieky beriem dlhé roky	He tomado esta medicación por años	Evek ota szedem ezeket a gyogyszereket	Eu tomo esta medicação há muitos anos.	Παίρνω αυτά τα φάρμακα πολλά χρόνια.	Iau acest medicament de X ani	Tyto medikamenty beru již několik let.	Вземам тези лекарства от години.	Овие лекови ги земам со години (Ovie lekovi gi zemam so godini)	Ilang taon ko nang iniinom ang gamot na ito	Toi da uong thuoc  nay tu ma nam roi. 	Biorę ten lek od lat	Ta zdravila jemljem že več let		Ik neem deze medicatie al jaren		이 약을 지속적으로 복용해왔습니다 
Ich brauche mehr von diesen Medikamenten	أحتاج للمزيد من هذا الدواء 	I need more of this medication		Bu ilaç(lar)a ihtiyacım var.	J'ai besoin de plus de ces médicaments	من این دارو را بیشتر نیاز دارم.	এই ওষুধ আমার আরও লাগবে।	ماتہ دا دوای نورا پکارا دہ	Kam nevojë për më shumë nga këto barna	Treba mi još ovog lijeka (leka).	Треба ми више од овог лека.	Мне нужно еще больше этого лекарства	Ho bisogno di una prescrizione per questo farmaco	پێویستیم بە دەرمانی زیاترە	Ji van dermanan zêdetir ji bo min pêwîstin	Jag behöver mer av den här medicinen,/Jeg trenger mer av denne medisinen.	Tarvitsen näitä lääkkeitä lisää				مجھے مزید یہ دوا چاہیے	C: Těchto léků potřebuji víc. S: Potrebujem viac týchto liekov	Necesito más de esta medicación	Szuksegem van ezekre a gyogyszerekre	Preciso mais desta medicação.	 Χρειάζομαι περισσότερο από αυτά τα φάρμακα.	Am nevoie de mai multe doze de acest medicament	Potřebuji víc těchto medikamentů.	Имам нужда от повече от тези лекарства.	Ми треба овој лек (Mi treba ovoj lek)	Kailangan ko pa ng maraming gamot na ito	Toi can thuoc nay.	Potrzebuję więcej tego leku	Potrebujem to zdravilo		Ik heb meer van deze medicatie nodig		이 약이 더 필요합니다 
																					 																	
Ich bin verletzt	لقد تعرضت للإصابة	I was injured		Yaralandım.	Je suis blessé/blessée	من صدمه دیده ام.	আমি আহত হয়েছি। 	زہ زخمی وم	Unë jam plagosur	Ranjen sam. (m) / Ranjena sam (f).	Био/ла сам рањен/а	Я ранен/ранена	Sono ferita/o	توشی پێکان بووم	Ez birîndarim.	Jag är skadad/Jeg ble skadet	Olen loukkaantunut				میں زخمی تھا	C: Byl jsem zraněný. S: Bol som zranený.	Fui herido / herida	Megserultem	Eu estava lesionado.	Τραυματίστηκα.	Sunt ranit	Jsem zraněný.	Наранен/а съм.	Јас бев повреден/повредена (Jas bev povreden/povredena)	Nasugatan ako	Toi bi thuong.	Jestem ranny / ranna	Poškodovan sem (m), poškodovana sem (f)		Ik ben gewond		상처를 입었었습니다
Ich wurde geschlagen	أحدهم ضربني	Somebody hit me		Biri bana vurdu.	On m'a frappé/frappée	یک نفر من را زده است.	কেউ আমাকে মেরেছে। 	چا کس زہ وھلے وم	Më kanë rrahur	Istukli/udarili su me.	Неко ме је ударио.	Меня ударили	Sono stata/o colpita/o	یەکێک لێیدام	Yekî li min xist.	Jag har blivit slagen/Noen slo meg.	Joku löi minua				مجھے کسی نے مارا ھے	C: Někdo mě praštil. S: Niekto ma udrel	Alguien me golpeó	Valaki megutott	Alguem me bateu.	Κάποιος με χτύπησε.	Am fost batut	Někdo mě praštil.	Бит/а съм.	Некој ме удри (Nekoj me udri)	May sumalpuk sa akin	Toi bi danh.	Uderzono mnie	Nekdo me je udaril		Iemand heeft mij geslagen		누군가가 나를 때렸습니다 
Ich wurde mit einem Messer verletzt	تعرضت للطعن بسكين 	I was stabbed/ cut with a knife		Bıçakla yaralandım.	On m'a frappé/frappée avec un couteau	من با چاقو زخمی شده ام.	আমাকে কেউ ছুরি মেরেছে। 	دا زخم دہ چاقو دے	Jam i therrur / lënduar me thikë	Ozlijeđen (povređen) sam od uboda nožem.	Неко ме убо ножем.	Меня ударили ножом	Sono stata/o aggredita/o con un coltello	بەچەقۆ بریندار کراوم	Ez bi kêrê birindar bûm.	Jag har blivit knivskuren/Jeg ble knivstukket/kuttet med kniv.	Minua puukotettiin				مجھے تیز دھار آلے سے زخمی کیا گیا	C: Byl jsem pobodaný nožem. S: Bol som dobodaný / porezaný nožom	Fui acuchillado/a / cortado/a con un cuchillo/navaja	Megkeseltek	Eu fui esfaqueado.	Κάποιος με μαχαίρωσε.	Am fost injunghiat	Byl jsem pobodán nožem.	Ранен/а съм от нож.	Ранет/Ранета сум од нож (Ranet/Raneta sum od noz)	Nasaksak ako/Nahiwa ako	Toi bi thuong bang dao.	Raniono mnie / dźgnięto mnie nożem	Nekdo me je zabodel/porezal z nožem		Ik ben gestoken / gesneden met een mes		 칼에 찔렸습니다/베이었습니다
Ich wurde von einem Auto angefahren	ضربتني سيارة 	I was hit by a car		Bana araba çarptı.	J'ai été renversé/renversée par une voiture	ماشین به من زده است.	আমাকে একটি গাড়ি চাপা দিয়েছে। 	زہ موٹر وھلے یم	Me ka goditur Automjeti/ Vetura.	Udario me (je) automobil.	Ударио ме ауто. 	Меня ударила машина	Sono stata/o investita/o da una macchina	سەیارە لێیداوم	Seyyare/Erebê li min xist.	Jag har blivit påkörd/Jeg ble påkjørt	Minun päälleni ajettiin autolla				ایک گاڑی نے مجھے مارا	C: Srazilo mě auto. S: Zrazilo ma auto	Fui atropellado/a por un auto	Elutott egy auto	Eu fui atropelado por um carro.	Με χτύπησε ένα αυτοκίνητο.	Am fost calcat de o masina	Byl jsem sražen autem.	Удари ме кола.	Ме удри кола/автомобил (Me udri kola/avtomobil)	Natamaan ako ng kotse	Toi bi tai nan xe oto.	Potrącił mnie samochód	Povozil me je avto		Ik ben omver gereden door een auto		자동차에 부딪혔습니다
Ich wurde von einem Insekt gestochen	لسعتني حشرة	I was stung by an insect		Beni böcek soktu.	J'ai été piqué/piquée par un insecte	حشره ای من را نیش زده	আমাকে একটি পোকা কামড় দিয়েছে। 		Më ka pickuar një insekt	Ubo me kukac. (Pretrpeo (m) / pretrpela (f) sam ubod insekta.)	Убо ме инсект. 	Меня укусило насекомое	Sono stata/o punta/o da un insetto	مێروو پێیوەداوم	Kêzikê bi min ve da.	Jag har fått ett insektsbett/Jeg ble stukket av et insekt.	Hyönteinen pisti minua				ایک کیڑے مجھے کاٹا	C: Poštípal mě hmyz. S: Poštípal ma hmyz	Me picó un insecto	Megcsipett egy rovar	Fui picado por um inseto.	 Με τσίμπησε ένα έντομο	Am fost muscat de o insecta	Bodl mě hmyz.	Ужилен/а съм от насекомо.	Ме боцна инсект (Me bocna insekt)	Nakagat ako ng insekto		Ugryzł mnie owad	Pičil me je insekt		Ik ben gestoken door een insekt		벌레/곤충한테 찔렸습니다 
Ich wurde gebissen	تم عضّي (تعرضت لعضّة...)	I was bitten		Beni (bir şey) ısırdı. 	J'ai été mordu/mordue	چیزی من را گاز گرفته است.	আমাকে কামড় দিয়েছে। 		Më kanë kafshuar	Nešto me ugrizlo.	Угризло ме...	Меня укусили	Sono stata/o morsa/o	شتێک پێیوەداوم	Tiştekî ez gez kirim.	Jag har blivit biten./Jeg ble bitt.	Minua on purtu				مجھے کاٹ لیا تھا	C: Pokousal mě pes. S: Bol som pohryznutý	Fui mordido/a	Megharaptak	Fui mordido.	Κάτι με δάγκωσε.	Am fost muscat de ..	Byl jsem pokousán.	Бях ухапан/а.	Каснат сум/Ме касна...(Kasnat sum/Me kasna...)	Nakagat ako	Toi bi can.	Pokąsało mnie/Zostałem ugrzyziony	Nekaj me je ugriznilo		Ik ben gebeten		물렸습니다 
Ich bin abgestürzt	وقعت من مكان مرتفع	I fell from a height		Yüksekten düştüm	Je suis tombé/tombée d'une certaine hauteur	از ارتفاع افتاده ام.	আমি নিচে পড়ে গিয়েছি।		Jam rrezuar nga lartesia	Pao (m) / pala (f) sam s visine.	Пао/ла сам са висине.	Я упал/а с высоты	Sono caduta/o da una certa altezza	لە شوێنێکی بەرزەوە بەربوومەوە	Ez ji jor ketim erdê. 	Jag föll från en hög höjd./Jeg falt fra en høyde.	Putosin korkealta				میں اونچائی سے گر گیا	C: Spadl jsem z výšky. S: Spadol som z výšky	Me caí desde altura	Leestem 	Caí de uma altura.	Έπεσα από ύψος.	Am fost lovit	Spadl jsem z výšky.	Паднах от високо.	Паднав од високо (Padnav od visoko)	Nahulog ako mula sa isang mataas na lugar	 	Spadłem / spadłam z wysokości	Padel sem z višine (m) padla sem z višine (f)		Ik ben naar beneden gevallen		위에서  떨어졌습니다 
Ich bin hingefallen	وقعت	I fell down		Düştüm. 	Je suis tombé/tombée	من افتادم.	আমি পড়ে গিয়েছি। 	za ooghar ze dalam	Jam rrezuar	Pao (m) / pala (f) sam.	Пао/ла сам.	Я упал/а  	Sono caduta/o	کەوتم	Ez ketim.	Jag föll./Jeg falt ned.	Kaaduin				میں گر گئی	C: Upadl jsem. S: Spadol som	Me caí	Elestem	Eu caí.	 Έπεσα.	Am cazut	Upadl jsem.	Паднах.	Паднав (Padnav)	Nahulog ako	Toi bi nga.	Upadłem / upadłam	Padel sem na tla (m) padla sem na tla (f)		Ik ben gevallen		넘어 졌습니다 
																																						
Hier tut es weh	يؤلمني هنا	It hurts here		Burası acıyor. 	J'ai mal ici	این جا درد میکنه	এখানে ব্যথা করছে। 		Këtu kam dhimbje	Osjećam bol na ovom dijelu tijela. (Na ovom me mestu boli.)	Боли ме овде.	Здесь болит	Fa male qui 	ئێرەم ئازاری دێت	Ev der diêşe.	Det gör ont här/Det gjør vondt her.	Tähän sattuu				یہ مجھے یہاں درد دیتا ہے	C: Tady to bolí. S: Tu to bolí	Me duele aquí	Itt faj	Dói aqui.	Πονάει εδώ.	Ma doare aici	Zde to bolí.	Тук ме боли.	Тука ме боли (Tuka me boli)	Masakit dito	Toi bi dau o day.	Boli mnie tutaj	Tukaj me boli		Het doet hier pijn		여기가 아픕니다
Der Schmerz wandert von hier nach dort	يبدأ الألم من هنا ويمتد إلى هنا	The pain started here and goes to here		Acı/ağrı şuradan başlıyor ve şuraya gidiyor.	J'ai mal d'ici à là 	درد از اینجا شروع شد و به اینجا کشیده شد	এখান থেকে এখান পর্যন্ত ব্যথা করছে। 		Dhimbja më kalon nga këtu deri këtu	Bol migrira s ovog na onaj dio tijela. (Bol se pomera s ovog na onaj dio tela.)	Бол се помера одавде до тамо	Болит то тут, то там	Fa male da qui a qui	ئازارەکە لێرەوە دەستپێدەکات و دێت بۆ ئێرە	Êş ji vir dest pê dike û diçê vir.	Smärtan börjar här och slutar här./Smertene startet her, og går hit. Alternativ: Smertene gå herfra til hit.	Kipu alkaa tästä ja päättyy tänne				درد یہاں سے شروع ھو کے یہاں جاتا ھے	C: Bolest začala zde a pokračuje sem.	El dolor empieza aquí y llega hasta ahí	A fajdalom itt indul es idaig tart	A dor começou aqui e vai até ali.	Ο πόνος αρχίζει από εδώ και πηγαίνει εκεί.	Durerea porneste de aici pana aici.	Ta bolest začala tady a pokračuje zde.	Болката започна тук и стига до тук.	Болката започна тука и премина тука (Bolkata zapocna tuka i premina tuka)	Nagsisimula ang sakit dito hangang dito	Toi bi dau tu day den day.	Ból zaczął się tutaj i podąża dotąd	Bolečina se začne tukaj, boli me vse do sem 		De pijn begon hier en gaat tot daar		
Der Schmerz besteht die ganze Zeit	الألم موجود طوال الوقت	The pain is there all the time		Ağrı/acı hep var.	La douleur est persistante/ J'ai tout le temps mal	تمام مدت درد میکند.	সারাক্ষণ ব্যথা করে। 		Kam dhimbje gjithë kohën	Boli me cijelo vrijeme (sve vreme).	Боли ме све време.	Здесь все время больно/болит	Il dolore è continuo	بەردەوام ئازارم هەیە	Êş her tim heye.	Jag har ont hela tiden./Smertene er der hele tiden.	Kipu tuntuu jatkuvasti				درد ہر وقت ہے	C: Stále to bolí. S: Tu to stale boli	El dolor es crónico / está todo el tiempo	A fajdalom kronikus - allandoan jelenlevo.	A dor está sempre presente.	 Ο πόνος είναι συνεχείς.	Durerea este permanenta	Bolest neutuchá.	Болката неотихва.	Болката е постојана (Bolkata e postojana)	Laging nandirito ang sakit	Dau suot. 	Ból nie ustępuje	Boli me ves čas		De pijn is er de hele tijd		
Der Schmerz kommt und geht	الألم يذهب ويعود	The pain comes and goes		Ağrı/acı gelip gidiyor.	La douleur n'est pas continue 	درد میاد و میره.	ব্যথা আসছে ও যাচ্ছে। 		Dhimbja sa vjen e shkon	Bol dođe i prođe.	Бол дође и прође.	Боль бывает только иногда	Il dolore è intermittente	Eshaka detu arwat.	Êş tê û diçê.	Smärtan kommer och går./Smertene kommer og går.	Kipu tulee ja menee				درد آتا ہے اور چلا جاتا ہے	C: Bolest přichází a odchází. S: Bolest prichadza a pdchadza	El dolor es intermitente / va y viene	A fajdalom nem allando.	A dor vai e vem.	Ο πόνος έρχεται και φεύγει.	Durerea vine si trece/este intermitenta	Bolest je nepravidelná.	Болката спира и почва отново. 	Болката е повремена (Bolkata e povremena)	Nawawala at bumabalik ang sakit	Co luc dau, co luc khong.	Ból przychodzi i odchodzi	Bolečina pride in gre		De pijn komt en gaat		
Es schmerzt bei Berührung	أشعر بالألم عندما ألمس 	It hurts when I touch it		Dokunduğum zaman acıyor. 	J'ai mal lorsque je touche	وقتی بهش دست میزنم درد میگیره	ধরলেই ব্যথা লাগছে। 		Kjo më dhemb kur e prek	Boli me na dodir.	Боли ме на додир. 	Болит при прикосновении	Fa male quando tocco	زۆر دێشیێ کە دەستی لێدەدەم	Dema dest didê, diêşe.	Det gör ont när jag tar på det./Det gjør vondt når jeg tar på det.	Siihen sattuu kun kosken siihen				جب یہاں چھوتا ھوں تو درد ھوتا ھے	C: Zde to bolí, když se toho dotknu. S: Boli to pri dotyku	Me duele cuando lo toco	Faj, ha hozzaerek.	Dói quando toco 	 Πονάει όταν το αγγίζω.	Ma doare la atingere	Bolí to když se toho dotknu.	Боли при допир.	Ме боли на допир (Me boli na dopir)	Masakit kung hawakan ko	Cham vao thi dau.	Boli, gdy dotykam	Boli na dotik		Het is pijnlijk bij aanraking		
Es ist schlimmer wenn ich stehe	الأمر يزداد سوءا عندما أقف	It gets worse when I stand up		Ayağa kalktığım zaman daha da kötüleşiyor.	C'est pire lorsque je suis debout	وقتی بلند میشم درد میگیره	আমি দাঁড়ালে ব্যথা বেড়ে যায়। 		Bëhet më keq kur qëndroj ne këmbë	Osjećam (osećam) se gore kada ustanem.	Осећам се горе када устанем.	Становится хуже, когда встаю	Peggiora quando sono in piedi 	ئازارەکە زیاد ئەکات کە رادەوەستم	Dema ez dirabim ser pîya xirabtir dibe.	Det blir värre när jag reser mig upp./Det blir verre når jeg reiser meg.	Se tuntuu pahemmalta kun nousen seisomaan				جب کھڑا ھوتا ھوں تو بڑھ جاتا ھے	C: Zhorší se to, když se postavím. S: Je to horsie ked sa postavim	Empeora cuando me levanto	Jobban faj, ha felkelek.	Fica pior quando estou em pé	Είναι χειρότερο όταν είμαι όρθιος.	Ma doare mai tare cand stau in picioare	Je to horší, když se postavím.	Чувства се по-силно като стоя.	Се влошува кога ќе застанам (Se vlosuva koga ke zastanam)	Lumalala kung tumatayo ako	Toi dung thi dau hon.	Jest gorzej, gdy wstaję	Poslabša se mi, ko vstanem		Het verslechtert wanneer ik rechtop sta		
Es ist schlimmer wenn ich mich hinlege	انه يزيد سوءا عندما استلقي	It gets worse when I lie down		Yattığım zaman daha kötüleşiyor.	C'est pire lorsque je me couche	وقتی دراز میکشم دردش بدتر میشه	আমি শুলে ব্যথা বেড়ে যায়। 		Bëhet më keq kur unë shtrihem	Osjećam (osećam) se gore kada legnem.	Осећам се горе када легнем. 	Становится хуже, когда ложусь	Peggiora quando sono distesa/o		Dema ez dirazim xirabtir dibe.	Det blir värre när jag lägger mig ner./Det blir verre når jeg legger meg ned.	Se tuntuu pahemmalta kun makaan				جب لیٹتا ھوں تو بڑھ جاتا ھے	C: Zhorší se to, když si lehnu. S: Je to horsie ked si lahnem	Empeora cuando me acuesto	Jobban faj, ha lefekszem.	Fica pior quando me deito	Είναι χειρότερα  όταν είμαι ξαπλωμένος.	Ma doare mai tare cand sunt culcat 	Je to horší, když si lehnu.	Чувства се по-силно като лежа.	Се влошува кога ќе легнам (Se vlosuva koga ke legnam)	Lumalala kung humihiga ako	Toi nam thi dau hon.	Jest gorzej, gdy się kładę	Poslabša se mi, ko ležim		Het verslechtert wanneer ik lig		
Es ist ein scharfer Schmerz	هو ألم حادّ	It is a sharp pain		Keskin bir ağrı.	C'est une douleur aiguë	درد شدید(تیز) دارد	খুব তীব্র ব্যথা করছে। 		Kjo është një dhimbje e mprehtë	Bol je oštra.	Бол је оштра.	Это острая боль	È un dolore acuto 		Êşeke tûj	Smärtan är skarp./Det er en skarp smerte.	Se on terävä kipu				یہ شدید چبھنے والا درد ھے	C: Je to ostrá bolest. S: Je to ostra bolest	Es un dolor agudo	Szuros fajdalom.	É uma dor aguda	Είναι οξύς πόνος.	Este o durere acuta	Je to ostrá bolest.	Болката е остра.	Болката е остра (Bolkata e ostra)	Makirot		Jest to ostry ból	Ostra bolečina		Het is een scherpe pijn		
Es ist ein dumpfer Schmerz 	انه الم باطني	It is a dull pain		İnce bir sızı.	C'est une douleur diffuse	دردش فشار گونه است	মৃদু ব্যথা করছে। 		Kjo është një dhimbje e rëndomtë	Bol je tupa.	Бол је тупа.	Это тупая боль	È un dolore lieve		Êşeke zirav	Smärtan är dov./Det er en murrende smerte.					یے ہلکا  درد ہے	C: Je to tupá bolest. S: Je to rozptylena bolest	Es un dolor leve	Enyhe fajdalom.	É uma dor leve	Είναι αμβλύς πόνος.	Este o durere minora	Je to tupá bolest.	Болката е тъпа.	Болката е тапа (Bolkata e tapa)	Manhid		Jest to tępy ból	Topa bolečina		Het is een doffe pijn		
Der Schmerz begann plötzlich	بدأ الألم فجأة	The pain started suddenly		Ağrı/acı aniden başladı.	 La douleur est apparue soudainement	درد ناگهانی شروع شد	হঠাৎ করেই ব্যথাটা বেড়েছে। 		Dhimbja filloi papritmas	Bol je došla iznenada. (Iznenada me je zabolelo).	Изненада ме заболило.	Боль началась внезапно	Il dolore è iniziato all'improvviso		Êş ji nişkave dest pê kir. 	Smärtan uppstod plötsligt./Smerten startet plutselig.	Kipu alkoi yllättäen				درد اچانک شروع  ہوا	C: Náhle to začalo bolet. S: Zrazu to zacalo boliet	El dolor comenzó repentinamente	hirtelen kezdett el fajni.	A dor começou subitamente	Ο πόνος άρχισε ξαφνικά.	Durerea a inceput dintr-odata	Bolest přišla náhle.	Болката почна внезапно.	Болката започна одеднаш (Bolkata zapocna odednas)	Nagsimula ng biglaan ang sakit	Tu dung dau.	Ból rozpoczął się niespodziewanie	Nenadoma me je začelo boleti		De pijn begon opeens		
Der Schmerz begann allmählich	بدأ الألم تدريجياً	The pain started gradually		Ağrı/acı yavaş yavaş arttı.	La douleur est venue progressivement 	درد کم کم شروع شد	ব্যথাটা আস্তে আস্তে বেড়েছে।		Dhimbja filloi gradualisht	Polako me počelo boljeti (Polako je počelo da me boli.)	Полако је почело да ме боли.	Боль началась потихоньку 	Il dolore è iniziato gradualmente		Êş hedî hedî zêdetir bû.	Smärtan uppstod gradvis./Smerten startet gradvis.	Kipu alkoi vähitellen				درد آہستہ آہستہ شروع  ہوا	C: Začalo to bolet postupně. S: Postupne to zacalo boliet	El dolor comenzó gradualmente	Fokozatosan kezdett el fajni.	A dor começou gradualmente	 Ο πόνος άρχισε σταδιακά.	Durerea s-a instalat progresiv	Bolest přišla pozvolna.	Болката почна постепенно.	Болката започна постепено (Bolkata zapocna postepeno)	Dahan-dahang nagsimula ang sakit	Dan dan cang bi dau hon.	Ból rozwinął się stopniowo	Boleti me je začelo postopoma		De pijn begon geleidelijk		
Ich hatte diesen Schmerz schon einmal	لقد شعرت بهذا الألم من قبل	I have had this pain before		Daha önce de böyle acımıştı/ağrımıştı.	J'ai déjà ressenti cette douleur	این درد را قبلا هم داشته ام	এরকম ব্যথা আমার আগেও ছিল। 		Unë kam pasur këtë dhimbje njëherë	Ovakvu sam bol osjećao (m) / osjećala (f) i ranije. (I pre me je ovde bolelo.)	И пре ме је ово/овде болело.	У меня уже была эта боль 	Ho già avuto questo dolore in passato		Berê jî wiha êşîya bû.	Jag har haft liknande smärta tidigare./Jeg har hatt denne smerten før.	Minulla on ollut tämä kipu ennenkin				مجھے یہ درد پہلے بھی تھا 	C: Už mě to bolelo před tím. S: Uz ma to predtym bolelo	He tenido este dolor antes	Volt mar ilyen fajdalmam ezelott.	Eu tive esta dor antes	 Πονούσα και παλαιότερα εκεί.	Am mai avut astfel de dureri	Tuhle bolest jsem měl již dříve.	Тази болка съм я имал веднъж.	Ја имав оваа болка и претходно (Ja imav ovaa bolka i prethodno)	Naramdaman ko na ang sakit na ito nuon	Toi bi dau nhu the nay mot lan roi. 	Już wcześniej doświadczyłem / -am tego bólu	Že prej me je bolelo		Ik had deze pijn eerder ook al		
Ich hatte diesen Schmerz noch nie	لم يسبق أن شعرت بهذا الألم مسبقاً	I have never had this pain before		Daha önce hiç böyle ağrım/acım olmamıştı.	Je n'ai jamais ressenti cette douleur	من هیچ وقت قبلا این درد را نداشته ام	এর আগে কখনো আমার এরকম ব্যথা করেনি।		Unë nuk e kam pasur ndonjëhere këtë dhimbje	Ovakvu bol još nikada nisam osjetio (m) / osjetila (f). (Ovde/ovo me još nikada nije bolelo.)	Никада ме ово/овде није болело.	У меня никогда не было этой боли	Non ho mai avuto prima questo dolore		Berê qet êşekê wiha nebubû.	Jag har aldrig haft någon liknande smärta./Jeg har aldri hatt denne smerten før.	Minulla ei ole koskaan ollut tällaista kipua				مجھے یہ درد پہلے کبھی نہیں ہوا  	C: Nikdy mě to před tím nebolelo. S: Nikdy ma to predtym nebolelo	Nunca tuve este dolor antes	Sosem volt ilyen fajdalmam ezelott.	Nunca tive esta dor antes	Δεν έχω ξανανιώσει τέτοιο πόνο .	Nu am mai avut niciodata o astfel de durere	Nikdy mě to nebolelo.	Никога не съм имал тази болка.	Никогаш не сум ја имал/а оваа болка (Nikogas ne sum ja imal/a ovaa bolka) 	Ngayon ko palang naranasan ang sakit na ito	Toi chua bao gio dau kieu nay.	Nigdy nie doświadczyłem / -am tego bólu	Še nikoli prej me ni bolelo		Ik heb nog nooit die pijn gevoeld		
																																						
Ich blute	لدي نزيف	I am bleeding		Kanamam var	Je saigne	من خونریزی دارم	আমার রক্ত পড়ছে। 		Unë jam i gjakosur	Krvarim.	Крварим. 	У меня течет кровь	Sto sanguinando		Xwînê dirijînim.	Jag blöder./Jeg blør.	Vuodan verta				میرا خون نکل رہا ہے 	C: Krvácím S: Krvacam	Estoy sangrando	Verzem.	Estou a sangrar	Αιμορραγώ.	Sângerez	Krvácím.	Кървя.	Крварам (Krvaram)	Nagdudugo ako	Toi bi chay mau.	Krwawię	Krvavim		Ik ben aan het bloeden		
Ich habe Blut im Urin	هناك دم في البول	There is blood in my urine		İdrarımda kan var.	J'ai du sang dans l'urine	در ادرار من خون وجود دارد	আমার প্রসাবে রক্ত যাচ্ছে। 		Unë kam gjak në urine	Imam krvi u urinu.	Имам крви у урину. 	У меня кровь в моче	Ho sangue nelle urine	Xwen la misi min haia.	Di nav mîza min de xwîn heye.	Jag har blod i urinen./Det er blod i urinen min.	Minulla on verta virtsassa				میرے پیشاب میں خون آ رہا ہے 	C: Mám krev v moči. S: V mojej moči je krv	Orino con sangre 	Veres a vizeletem.	Há sangue na minha urina	Έχω αίμα στα ούρα μου.	Urinez cu sânge	Mám krev v moči.	Имам кръв в урината.	Имам крв во урината (Imam krv vo urinata)	May dugo ang ihi ko	Toi di dai co mau.	Mam krew w moczu	V mojem urinu je kri		Er zit bloed in mijn urine		
Ich habe Blut im Stuhl	هناك دم في البراز	There is blood in my faeces		Diskimda kan var.	J'ai du sang dans les selles	در مدفوع من خون وجود دارد	আমার পায়খানাতে রক্ত যাচ্ছে। 		Unë kam gjak në jashtëqitje	Imam krvi u stolici.	Имам крви у измету. 	У меня кровь в фекалиях	Ho sangue nelle feci	Xwen la gui min haia.	Di nav guyê min de xwîn heye.	Jag har blod i avföringen./Det er blod i avføringen min.	Minulla on verta ulosteessa				میرے پے خانے  میں خون آ رہا ہے	C: Mám krev ve stolici. S: V mojej stolici je krv	Defeco con sangre	Veres a szekletem	Há sangue nas minhas fezes	Έχω αίμα στα κόπρανα μου.	Am sânge in scaun	Mám krev ve stolici.	Имам кръв в изпражненията.	Имам крв во столицата (Imam krv vo stolicata)	May dugo ang dumi ko	Toi di ia co mau.	Mam krew w stolcu	V mojem blatu je kri		Er zit bloed in mijn ontlasting		
Ich habe Blut erbrochen	هناك دم في القىء	There is blood in my vomit		Kustuğumda kan geliyor.	Je vomis du sang 	در استفراغ من خون وجود داره	আমার বমিতে রক্ত যাচ্ছে। 		Unë vjell gjak	Povratio sam krv.	Повратио/ла сам крв.	У меня кровь в рвоте	Ho sangue nel vomito		Dema ez divereşim xwîn tê.	Jag har blodiga kräkningar./Det er blod i oppkastet mitt.	Minulla on verta oksennuksessa				میری قہ یا الٹی میں خون ہے 	C: Zvracím krev. S: V mojich zvratkoch je krv	Vomito sangre	Vereset hanyok. 	Há sangue no meu vómito	 Έκανα εμετό με αίμα.	Vomit cu sânge	Zvracím krev.	Повърнах кръв.	Повраќам крв (Povrakam krv)	May dugo ang suka ko	Toi bi non mau.	Wymiotuję krwią	V mojem bruhanju je kri		Ik heb bloed overgegeven		
Ich huste Blut	 سعالي يحتوي على دم	I am coughing up blood		Öksürdüğümde kan geliyor.	Je crache du sang	من خون سرفه میکنم	আমার কাশিতে রক্ত উঠছে। 		Unë nxjerr gjak kur kollitem	Iskašljavam krv.	Искашљавам крв.	Кашляю кровью	Tossisco sangue	Min xwen akokam.	Dema ez dikuxûm xwîn tê.	Jag hostar blod./Jeg hoster opp blod.	Yskin verta				مجھے خونی کھانسی ہے 	C: Kašlu krev. S: Kaslem krv	Estoy tosiendo sangre	Vereset kohogok.	Tusso sangue	 Έφτυσα αίμα καθώς έβηχα.	Tusesc cu sânge	Kašlu krev.	Кашлям кръв.	Кашлам крв (Kaslam krv)	Umuubo ako ng dugo	Toi bi ho mau.	Kaszlę krwią	Kašljam kri		Ik hoest bloed op		
Ich blute aus dem After	انزف من فتحة الشرج	I am bleeding from my anus		Makatımdan kan geliyor.	Je saigne de l'anus	از مقعد خونریزی دارم	আমার পায়ুপথে রক্ত যাচ্ছে। 		Unë kam gjakderdhje nga anusi	Krvarim iz rektuma (anusa).	Крварим из ректума. 	У меня кровь течет из ануса/заднего прохода	Sanguino dall'ano		Ji qûna min xwîn tê.	Jag blöder från analen./Jeg blør fra anus.	Vuodan verta peräaukostani				میرے مقعد میں خون آریا ہے 	C: Krvácím z konečníku S: Krvacam z konecniku	Me sangra el ano	Verzik a végbélnyílásom.	Estou a sangrar do meu anús 	 Έχω  αιμορραγία από τον πρωκτό μου.	Sângerez la fund	Krvácím z análního otvoru.	Кървя от ануса.	Крварам од анусот (Krvaram od anusot)	Nagdurugo ang butas ng puwit ko	Toi bi chay mau o mong. 	Krwawię z odbytu	Krvavim iz anusa		Er komt bloed uit mijn anus		
Ich habe Nasenbluten	انزف من انفي	I have a nosebleed		Burnum kanıyor.	Je saigne du nez	از بینی‌ خونریزی دارم	আমার নাক থেকে রক্ত পড়ছে। 		Unë kam gjakderdhje nga hunda	Curi mi krv iz nosa.	Крвари ми нос./Иде ми крв на нос.	У меня кровь течет из носа	Sanguino dal naso	Luti min xweni ledet.	Xwîn ji bêvila min tê.	Jag har näsblod./Jeg blør fra nesen.	Minulla on nenäverenvuotoa				میرے ناک میں سے خون نکلا 	C: Krvácím z nosu S: Krvacam z nosa	Me sangra la nariz	Verzik az orrom.	Tenho sangramento nasal	 Έχω αιμορραγία στη μύτη.	Sângerez pe nas	Teče mi krev z nosu.	Тече ми кръв от носа.	Ми тече крв од носот (Mi tece krv od nosot)	Nagdudugo ang ilong ko	Toi bi mau cam.	Leci mi krew z nosa	Iz nosa mi teče kri		Ik heb een bloedneus		
Ich habe Zwischenblutungen	لدي نزيف في فترات ما بين الدورة الشهرية	I am bleeding between my periods		Regl dönemlerim arasında kanamam oluyor.	Je saigne entre mes menstruations	خونریزی‌های مکرر دارم	আমার মাসিকের মাঝে রক্ত পড়ছে। 		Unë kam gjakderdhje midis periudhave mestruale	Krvarim između menstruacija.	Крварим између менструација.	У меня кровь течет между месячными	Ho perdite intramestruali		Di navbera ketina bênimêjiyên min de xwîn ji min tê.	Jag har mellanblödningar./Jeg blør mellom menstrasjonene mine.	Vuodan verta kuukautisten välissä				مجھے ایام ماہواری کے درمیاٍن بھی خون نکلتا ہے 	C: Krvácím mezi peridami S: Krvácam medzi periódami	Sangro / tengo hemorragias cuando no estoy menstruando	Verzem akkor is, ha nem menstrualok.	Estou a sangrar entre os meus períodos 	 Έχω αιμορραγία στη μέση της περιόδου\του κύκλου	Sângerez intre menstruatii	Krvácím mezi menstruacemi.	Кървя между менструационни цикли.	Крварам меѓу менструации (Krvaram megju menstruacii)	Nagdurugo ako sa gitna ng regla ko		Krwawię między okresami	Krvavim tudi med dvema obdobjema menstruacije		Ik verlies bloed tussen mijn menstruaties		
Ich habe Blutungen nach der Menopause	انتهت عادتي الشهرية لكني ما زلت أنزف 	My periods finished, but I am bleeding again		Regl dönemim bitti ama kanamam durmuyor.	Je suis ménopausée, mais je saigne encore	خونریزی بعد از یأسگی دارم	আমার মাসিক বন্ধ হয়ে গেছে, কিন্তু রক্ত পড়ছে। 		Unë kam gjakderdhje pas menopauzës	Menopauza mi je završila, ali krvarim i dalje.	Менопауза ми је завршила, али крварим и даље.	Месячные закончились, но у меня опять течет кровь	Sono in menopausa ma ho altre perdite di sangue 		Dema min a bênimêjiyan qadiya lê xwîna min nasekine.	Jag blöder trots att jag är i övergångsåldern./Menstrasjonen min er ferdig, men jeg blør fordet. Alterntiv: Jeg har blødninger etter overgangsalderen.					میرے ایام ماہواری ختم ہو گئے ہیں لیکن میرا خون بہہ رہا ہے 	C: Krvácím i po menopauze S: Krvácam aj keď som v menopauze	Soy menopáusica pero tengo pérdidas / sangrado	Veget ert a menstruaciom de meg mindig verzem.	O meu período acaba mas eu continuo a sangrar	Αιμορραγώ ενώ είμαι στην εμμηνόπαυση.	Sângerez dupa ce am avut menopauza	Jsem po menstruaci, ale stále krvácím.	Имам кървене след менопаузата.	Сеуште крварам и после менопауза (Seuste krvaram i posle menopauza)	Wala na akong regla pero nagdurugo nanaman ako		Krawię, chociaż jestem po menopauzie	Menstruacije nimam več, toda zopet krvavim		Ik ben al in de menopauze maar ik ben nu aan het bloeden		
																																						
Kopf	رأس	head		Baş/kafa	Tête	سر	মাথা		Koka	glava	глава	Голова	Testa	sar	Ser	Huvud/Hode	pää				سر	hlava	Cabeza	Fej	cabeça	κεφάλι 	Cap	hlava	глава	глава (glava)	Ulo	Dau	głowa	glava		hoofd		
Auge	عين	eye		Göz	Oeil	چشم	চোখ		Syri	oko	око	Глаз	Occhi	tshaw	Çav	Öga/Øye	silmä				آنکھ	oko	Ojo	Szem	olho	μάτι 	Ochi	oko	око	око (oko)	Mata	Mat	oko	oko		oog		
Ohr	أذن	ear		Kulak	Oreille	گوش	কান		Veshi	uho (uvo)	уво	Ухо	Orecchie	gwe	Guh	Öra/Øre	korva				کان	ucho	Oreja	Ful	orelha	αυτί	Ureche	ucho	ухо	уво (uvo)	tenga	Tai	ucho	uho		oor		
Mund	فم	mouth		Ağız	Bouche	دهان	মুখ		Goja	usta	 	Рот	Bocca	dam	Dev	Mun/Munn	suu					ústa	Boca	Szaj	boca	στόμα 	Gura	ústa / pusa	уста	уста (usta)	Bibig	Mom	usta	usta		mond		
Gesicht	وجه	face		Yüz	Visage	صورت	চেহারা		Fytyra	lice	лице	Лицо	Viso	damutshaw	Rû	Ansikte/Ansikt	kasvot				چہرہ	C: tvář S: tvár	Cara / Rostro	Arc	face	πρόσωπο	Fata	obličej	лице	лице (lice)	muka	Mat	twarz	obraz		gezicht		
Hals	رقبة	neck		Ense	Cou	گردن	গলা		Gryka	grlo	грло	Шея	Collo		Stu / Qirrik	Hals/Nakke	niska				گردن	krk	Cuello	Nyak	pescoço	λαιμός	Gât	krk	гърло	грло (grlo)	leeg	Co	szyja	vrat		nek		
Schulter	كتف	shoulder		Omuz	Epaule	كتف	কাঁধ		Shpatulla	rame                                                                      	плећа раме	Плечо	Spalla 		Mil	Axel/Skulder	hartiat				کندھے 	rameno	Hombro	Vall	ombro	ώμος	Umâr	rameno	рамо	рамо (ramo)	balikat	Vai	ramię	rama		schouder		
Ellbogen	كوع	elbow		Dirsek	Coude	آرنج	কনুই		Brryli	lakat	лакат	Локоть	Gomito		Enîşk	Armbåge/Albue	kyynerpää				کہنی 	C: loket S: lakeť	Codo	Konyok	cotovelo	αγκώνας	Cot	loket	лакът	лакт (lakt)	siko	Khuỷu tay	łokieć	komolec		elleboog		
Hüfte	الورك	hip		Kalça	Hanche	کپل	কোমর		Ngofje	kuk	бок / кук	Бедро	Anca		Kemax / Qorik	Höft/Hofte	lonkka				چولہے 	bok	Cadera	Csipo	quadril/anca	γοφός	Șold	kyčel	бедро	колк (kolk)	balakang	Hông	biodro	bok		heup		
Knie	ركبة	knee		Diz	Genou	زانو	হাঁটু 		Gjuri	koljeno (koleno)	колено	Колено	Ginocchio	ajno	Çok	Knä/Kne	polvi				گھٹنا	koleno	Rodilla	Terd	joelho	γόνατο	Genunchi	koleno	коляно	колено (koleno)	tuhod	Dau goi	kolano	koleno		knie		
Knöchel	كعب	ankle		Ayak bileği	Cheville	قوزک	গোড়ালি		Kyçi i këmbës	zglob	скочни зглоб	Лодыжка/щиколотка	Caviglia		Gozek	Ankel/Ankel	nilkka				ٹخنہ 	C: kotník S: členok	Tobillo	Boka	tornozelo	αστράγαλος	Costin	kotník	глезен	зглоб (zglob)	buol	Mắt cá chân	kostka	gleženj		enkel		
Fuss	قدم	foot		Ayak	Pied	پا	পায়ের পাতা		Shputa e këmbës	stopalo	стопало	Ступня	Piede	qatsh	Nig/Pî	Fot/Fot	jalkapöytä				پاؤں	noha / chodidlo	Pie	Labfej	pé	πόδι 	Picior	chodidlo	ходило	стапало (stapalo)	paa	Chan	stopa	stopalo		voet		
Arm	زراع	arm		Kol	Bras	بازو	বাহু		Krahu	ruka 	рука	Рука	Braccio		Mil	Arm/Arm	käsivarsi				بازو	C: paže S: ruka	Brazo	Kar	braço	μπράτσο	Braț	paže	ръка	рака (raka)	braso	Tay	ramię	roka		arm		
Bein	رجل	leg		Bacak	Jambe	ران	পা		Këmba	noga	нога	Нога	Gamba		Paq	Ben/Ben	jalka				ٹانگ	noha	Pierna	Lab	perna	 πόδι	Picior	noha	крак	нога (noga)	binti	Chan 	noga	noga		been		
Hand	يد	hand		El	Main	دست	হাত		Dora	šaka	шака	Кисть руки	Mano	dast	Dest	Hand/Hånd	käsi				ہاتھ	ruka	Mano	Kez	mão	 χέρι	Mâna	ruka	ръка / длан	дланка (dlanka)	kamay	Tay	ręka	roka		hand		
Finger	صباع/ أصبع	finger		El parmağı	Doigt	انگشت دست	আঙ্গুল 		Gishti	prst (na ruci)	прст (на руци)	Палец руки	Dito	penje	Tilî	Finger/Finger	sormi				انگلی	prst	Dedo	Ujj	dedo	δάχτυλο	Deget de la mână	prst	пръст	прст (prst)	daliri	Ngon Tay	palec	prst na roki		vinger		
Zeh	إصبع رِجل	toe		Ayak parmağı	Orteil	انگشت پا	পদাঙ্গুলি		Gishti i këmbës	nožni prst	ножни прст	Палец ноги	Dito del piede		Pêçî	Tå/Tå	varvas				انگھوٹھا 	C: prst na noze S: prst na nohe	Dedo del pie	Labujj	dedo do pé	Το δάχτυλο του ποδιού μου.	Deget de la picior	prst na noze	палец	палец (palec)	daliri ng paa	Ngon Chan	palec u nogi	prst na nogi		teen		
Brust 	صدر	chest		Göğüs	Poitrine	سینه	বুক 		Gjoksi	Prsni koš (grudi)	прса/груди	Грудь	Petto	sing	Sing	Bröst/Bryst	rinta				چھاتی 	hruď	Pecho	Mell	peito	 στήθος	Piept/ san	hrudník	гръд	гради (gradi)	dibdib	Nguc	klatka piersiowa	prsi		borst		
Bauch	بطن	belly		Göbek	Ventre	شکم	পেট 		Barku	trbuh (stomak)	стомак	Живот/желудок	Pancia 	sik	Zik	Mage/Mage	maha				پیٹ	C: břicho S: brucho	Panza / Vientre	Has	barriga	στομάχι 	Burta	břicho	корем	абдомен (abdomen)	tiyan	Bung	brzuch	trebuh		buik		
Herz	قلب	heart		Kalp	Coeur	قلب	হৃৎপিণ্ড		Zemra	srce	срце	Сердце	Cuore 	dil	Dil	Hjärta/Hjerte	sydän				دل	srdce	Corazón	Sziv	coração	καρδιά	Inima	srdce	сърце	срце (srce)	puso	Tim	serce	srce		hart		
Lunge	رئة	lung		Akciğer	Poumon	شش	ফুসফুস		Mushkëritë	pluća (plućno krilo)	плућа	Легкие	Polmoni		Pişik/Kezeb	Lunga/Lunge	keuhkot				پھیپھڑا ،	C: plýce S: pľúca	Pulmón	Tudo	pulmão	πνεύμονας	Pulmonar	plíce	бял дроб	бел дроб (bel drob)	baga	Phoi	płuca	pljuča		long 		
Magen	معدة	stomach		Mide	Estomac	معده	পাকস্থলী 		Stomaku	želudac	желудац	Живот/желудок	Stomaco	sik	Made / Mîde	Magsäck/Magesekk	mahalaukku				پیٹ	C: žaludek S: žalúdok	Estómago	Gyomor	estômago	στομάχι 	Stomac	žaludek	стомах	стомак (stomak)	tiyan	Dạ dày	żołądek	želodec		maag		
Gallenblase	كيس المراره	gallbladder		Safra kesesi	Vésicule biliaire	صفرا	গল ব্লাডার 		Temth	žučni mjehur (žučna kesa)	жуч	Желчный пузырь	Vescica		Zirav	Gallblåsa/Galleblære	sappirakko				پتہ 	C: žlučník S: žlčník	Vesícula biliar	Epehólyag	vesícula biliar	χολή	vezica urinară	žlučník	жлъчка	жолчка (zolcka)		Túi	pęcherz	žolčnik		galblaas		
Niere	كلية	kidney		Böbrek	Rein	کلیه	যকৃত		Veshkat	bubreg	бубрег	Почка	Rene		Gurçik	Njure/Nyre	munuainen				گردہ 	C: ledvina S: oblička	Riñón	Vese	rim	νεφρά	Rinichi	ledvina	бъбрек	бубрег (bubreg)	bato	Gan	nerka	ledvica		nier		
Darm	امعاء	bowel		Bagirsak	Intestin	روده	অন্ত্র		Zorrët	crijeva (creva)	црева (црево)	Кишка	Stomaco		Rûvî	Tarm/Tarm	suoli				انتڑیاں	C: střevo S: črevo	Intestino	Bel	intestino	έντερο	Intestin	střevo	черво	црево (crevo)		Ruot	jelito	črevo		darmen		
After	شرج	anus		Anüs	Anus	مخرج	পায়ুপথ		Anusi	anus (rektum)	анус/ректум	Анус	Ano		Anûs (Qula Qûnê)	Anus/Anus	peräaukko				مقعد	konečník	Ano	Vegbel	ânus	πρωκτός	Anus	konečník	анус	анус (anus)	butas ng puwit		odbyt	anus		anus		
Gebärmutter	رحم	uterus		Rahim	Utérus	رحم	জরায়ু		Mitra	maternica (materica)	материца	Матка	Utero		Rehîm (Malzarok)	Livmoder/Livmor	kohtu				رحم 	C: děloha S: maternica	Útero	Meh	útero	μήτρα	Uter	děloha	матка	матка (matka)	matris	Tử cung	macica	maternica		baarmoeder		
Eierstock	مبيض	ovary		Yumurtalık	Ovaire	تخمدان	ডিম্বাশয়		Vezore	jajnik	јајник	Яичник	Ovaia		Hêkdank	Äggstock/Eggstokk	munasarjat				بچہ دانی	vaječník	Ovario	Petefeszek	ovário	ωοθήκη	Ovare	vaječník	яйчници	јајници (jajnici)	obaryo	Buồng trứng	jajnik	jajčnik		eierstok		
Scheide	مهبل	vagina		Vajina	Vagin	واژن	যোনিপথ		Vagina(organi seksual I femrës)	vagina	вагина	Влагалище/вагина	Vagina		Vajîna (Quz)	Vagina/Vagina	vagina				فرج رحم کا راستہ.وجائنا  	vagína	Vagina	Vagina	vagina	κόλπος	Vagina	pochva	вагина	вагина (vagina)	puki	Buom	pochwa / wagina	nožnica, vagina		vagina		
Hoden	خصية	testes		Testis	Testicules	بیضه	টেস্টিস		testikujt	testisi	тестис	Яички	Testicoli		Hêlik	Testickel/Testikkel	kivekset				بیضہ الرحم	C: varlata S: semenníky	Testículos 	Here	testículos	όρχις	Testicul	varlata	тестиси	тестиси (testisi)	testes	Tinh hoàn	jądra	testisi		teelballen		
Penis	قضيب	penis		Penis	Pénis	آلت	লিঙ্গ		Penisi(organi seksual i mashkullit)	penis	пенис	Пенис	Pene		Penis (Kîr)	Penis/Penis	penis				عضو تناسل	penis	Pene	Penisz	pênis	πέος	Penis	penis	пенис	пенис (penis)	titi	Chim	penis	penis		penis		
																																						
Ich fühle mich krank	اشعر بالمرض	I feel ill		Hasta hissediyorum.	Je me sens malade	حالم خوش نیست	আমার শরীর খারাপ লাগছে।		Ndjehem i sëmurë	Osjećam (osećam) se bolesno.	Не осећам се добро. / Осећам сe болеснo.	Я плохо себя чувствую	Sto male	Min naxoshim.	Ez nexweş im	Jag mår illa/Jeg føler meg dårlig	voin huonosti				میں بیمار ہوں 	Cítim sa zle. 	Me siento mal	Russzul vagyok	Sinto-me doente	Αισθάνομαι άρρωστος.	Mă simt bolnav	Je mi špatně	Чувствам се болен/болна.	Се чувствувам болен (Se cuvstvuvam bolen)	Masama ang pakiramdam ko	Toi cam thay om.	Jestem chory / chora	Bolana sem (f), bolan sem (m)		Ik voel me ziek		
Ich habe Fieber	لدي سخونة (حرارة)	I have a fever		Ateşim var.	J'ai de la fièvre	تب‌ دارم	আমার জ্বর হয়েছে। 		Kam temperature	Imam (povišenu) teperaturu.	Имам температуру.	У меня высокая температура	Ho la febbre		Germa min heye.	Jag har feber/Jeg har feber	minulla on kuumetta				مجھے بخار تھا 	Mám horúčku.	Tengo fiebre	Lazas vagyok	Tenho febre	Έχω πυρετό.	Am febră	Mám horečku	Имам температура.	Имам температура (imam temperatura)	May lagnat ako	Toi bi sot	Mam gorączkę	Imam vročino		Ik heb koorts		
Ich friere	اشعر بالبرودة	I feel cold		Üşüyorum.	J'ai froid	لرز دارم	আমার ঠাণ্ডা লাগছে		Kam ftohtë	Hladno mi je.	Хладно/зима ми је./Мрзнем се.	Меня морозит	Ho freddo	Min sarmama.	Min sar e.	Jag fryser/Jeg fryser	minulla on kylmä				مجھے ٹھنڈ محسوس ہو رہی ہے 	Mám nádchu.	Tengo frío	Fazom	Estou constipado	Κρυώνω.	Sunt constipat	Mám zimnici	Студено ми е.	Ладно ми е (Ladno mi e)	Linalamig ako/Nalalamigan ako	Toi bi ret.	Zimno mi	Zebe me		ik heb het koud		
Ich habe Schüttelfrost	اشعر بالرعشة	I have been shaking		Titriyorum.	J'ai des frissons	رعشه دارم	আমি (ঠাণ্ডায়) কাঁপছি 		Kam dridhje, ethe	Imam groznicu.	Дрхтим./Ухватила ме је грозницa.	Меня трясет	Tremo		Ez direlim.	Jag har frossa/Jeg skjelver	tärisen					Mám triašku.	Estuve / Estoy temblando	Remegek	Tenho tido tremores	Εχω ρίγος.	Am friguri	Mám husí kůži	Тресе ме.	Се тресам (Se tresam)	Nanginginig ako	Toi bi Ớn lạnh	Mam dreszcze	Tresem se		ik was aan het bibberen		
Ich habe kalten Schweiss	عرقت عرقاً بارداً	I had a cold sweat		Soğuk terliyorum.	J'ai des sueurs froides	عرق سرد می‌کنم	আমার ঘাম ঝরছে		Kam djersë të ftohtë	Oblijeva (obliva) me hladan znoj.	Облијева ме хладан зној.	У меня был холодный пот	Sudo freddo		Min ta girtiye	Jag kallsvettas/Jeg kaldsvetter	minulla on kylmähiki				مجھے ٹھینڈےپسینےآئےتھے 	Mám zimnicu.	Sudo frío / Tuve/Tengo sudor frío	Hideg verejtékezem	Eu tive suores frios	Έχω κρύο υδρότα.	Am călduri reci	Mám studený pot	Имам студена пот.	Ме облева студена пот (Me obleva studena pot)		Toi bi Hàn lạnh	Pocę się	Mrzel pot me obliva		ik heb koud zweet		
Ich war ohnmächtig	غبت عن الوعي	I fainted		Bayıldım/Kendimden geçtim.	Je me suis évanoui/évanouie	بیهوش شدم	আমি অজ্ঞান হয়ে যাচ্ছি		Më ra të fikët	Onesvijestio sam se (m) / Onesvijestila sam se (f). (Pao (m) /pala (f) sam u nesvest.)	Онесвестио/ла сам се.	Я потерял/а сознание	Sono svenuta/o		Ez bêhiş ketim.	Jag svimmade/Jeg besvimte	pyörryin				میں بے ہوٍش تھا 	Odpadol som.	Me desmayé	Elajultam	Eu desmaiei	 Λιποθύμησα.	Am lesinat	Omldlel/la jsem	Бях безсилен/безсилна.	Се онесвестив (Se onesvestiv)	Hinimatay ako	Toi bi vượt ra khỏi	Zemdlałem / zemdlałam	Onesvestil sem se (m), onesvestila sem se (f)		ik ben flauw gevallen		
Mir ist schwindelig	أشعر بالدوخة	I feel dizzy		Başım dönüyor.	J'ai la tête qui tourne	سر گیجه دارم	আমার মাথা গোলাচ্ছে। 		Më merren mendtë	Vrti mi se.	Манта/врти ми се.	У меня кружится голова	Mi gira la testa / mi sento mancare		Serê min gêj dibe.	Jag är yr/Jeg er svimmel	minua pyörryttää				مجھے چکر آرہے ہیں 	Mám závrať.	Estoy / Me siento mareado	Szedulok	Sinto-me tonto	Ζαλίζομαι.	Am amețeli	Mám závratě	Вие ми се свят.	Ми се врти (Mi se vrti)	Inaantok ako	Toi bi chong mat.	Mam zawroty głowy	Vrti se mi		ik ben draaierig		
Ich hatte einen Krampfanfall	تعرضت لنوبة صرع (شحنات كهربائية زائدة)	I had a seizure		Nöbet gecirdim.	J'ai fait une attaque	گرفتگی شدید عضلات میشم	আমার খিঁচুনি হচ্ছে		Kisha një krizë epileptike	Imao sam napadaj (npr. epilepsije).	Имао/ла сам напад. 	У меня был припадок	Ho avuto una crisi epilettica		Ez bi edran ketim.	Jag hade ett anfall/Jeg hadde et anfall.	minulla oli sairaskohtaus				مجھے دورہ پڑا تھا 	Mal som záchvat.	Tuve un ataque / ataque epiléptico	Volt egy epilepszias rohamom 	Tive convulsões/ Ataque epiléptico	Είχα σπασμό.	Am atac de epilepsie	Měl jsem záchvat	Изпаднах в епилептичен шок.	Добив напад (Dobiv napad) 	Nagka seizure ako	Добив	Miałem / miałam napad padaczkowy	Imel sem epileptični napad (m), imela sem epileptični napad (f)		ik had een beroerte		
Ich war bewusstlos	كنت غائب \ غائبة عن الوعي 	I was unconscious		Bilincimi kaybettim.	J'ai perdu connaissance	از حال رفتم	আমি জ্ঞান হারিয়েছিলাম। 		Isha pa ndjenja	Bio sam bez svijesti (svesti).	Био сам у несвести.	Я был/а без сознания	Ho perso conoscenza		Ez bêhiş ketim.	Jag var medvetslös/Jeg var bevisstløs.	olin tiedoton				میں بے ہوٍش تھا 	Bol som v bezvedomí. 	Estuve inconciente	Nem voltam tudatomnal	Estive inconsciente	Έμεινα αναίσθητος.	Mi-am pierdut conștiința	Byl jsem v bezvědomí	Бях в безсъзнание.	Изгубив свест (Izgubiv svest)	Wala akong malay	Toi bi vô thức	Straciłem / straciłam przytomność	Bila sem nezavestna (f), bil sem nezavesten (m)		ik was bewusteloos		
																							Tengo dificultad para respirar / Me cuesta respirar															
Ich habe Atemnot	أشعر بصعوبة في التنفس	I have difficulty breathing		Nefes almakta zorlanıyorum.	J'ai des difficultés à respirer	من در تنفسم مشکل دارم	আমার শ্বাস নিতে কষ্ট হচ্ছে। 		Kam vështirësi të marrë frymë	Otežano (teško) dišem.	Тешко дишем.	Мне трудно дышать	Ho difficoltà a respirare		Bêhna min diçike.	Jag har andnöd/Jeg har vanskelig for å puste.	minun on vaikea hengittää				مجھے سانس لینے میں تکلیف ہے 	Ťažko dýcham. 		nehezen kapok levegot	Tenho dificuldade em respirar	Έχω δύσπνοια.	Nu pot sâ respir/ mi-e greu sâ respir	Mám dýchací potíže	Имам проблеми с дишането.	Имам проблеми со дишењето (Imam problemi so disenjeto)	Nahihirapan akong huminga	Toi bi Khó thở	Trudno mi się oddycha	Težko diham		ik kan moeilijk ademen		
Ich gieme	نفسي مع صوت صفير	I have wheezing		Hırıltım var.	Je fais une crise d'étouffement 	خس خس دارم	আমার নাক দিয়ে পানি পড়ছে		Dihas	Zvižde (pište) mi pluća dok dišem	Звижде/пиште ми плућа док дишем.	Я хриплю	Ho l'affanno		Xire xira min heye.	Jag har en väsande andning/Jeg er tungpustet.	Hengitykseni vinkuu				میری سانس میں خر خراہٹ ہے 	Chrčím. 	Tengo sibilancia / silbido	Zihalok	Eu tenho pieira	Σφυρίζουν οι πνεύμονες μου.	Mâ sufoc	Jsem dušný, špatně se mi dýchá.	Имам хрипове.	Се забревтувам (Se zabrevtuvam)	Hinihingal ako		Mam świszczący oddech	Hropem		ik heb een piepende ademhaling		
Ich huste	لدي كحة (سعال)	I have a cough		Öksürüğüm var.	Je tousse 	سرفه میکنم	আমার কাশি হয়েছে। 		Kam kollitje	Kašljem.	Кашљем.	У меня  кашель	Ho la tosse	Min akokam.	Ez dikixwûm.	Jag hostar/Jeg hoster.	minulla on yskä				مجھے کھانسی ہے 	Kašlem	Tengo tos	Kohokok	Tenho tosse	 Έχω βήχα.	Tușesc	Mám kašel	Кашлям.	Имам кашлица (Imam kaslica)	May ubo ako	Tôi ho	Mam kaszel	Kašljam		ik hoest		
Ich habe Auswurf	أنا اسعل بلغم	I am coughing up sputum		Balgam cikariyorum.	J'ai une expectoration	سرفه ى خلط دار دارم	আমার গলা দিয়ে কফ উঠছে। 		Kam kollitje me gëlbaze	Iskašljavam ispljuvak (šlajm).	Искашљавam испљувak	Я откашливаю 	Ho il catarro		Belxema min heye.	Jag hostar slem/Jeg hoster opp slim	yskin limaa				میری کھانسی میں بلغم ہے 	Vykašlievam hlien.	Tengo catarro / Toso con esputo/flema	Lepedekeset kohogok	Tosse com expectoração	Έχω φλεματα.	Tușesc ud	Vykašlávám.	Кашлям слуз.	Искашлувам шлајм (Iskasluvam slajm)	May plema ang ubo ko		Wykasłuję flegmę	Izkašljujem sluz		Ik hoest slijm op.		
																																						
Ich habe Herzrasen	ضربات قلبي سريعة	My heart beats fast		Taşikardim var/Çarpıntım var/Kalbim çok hızlı atıyor.	Mon coeur bat trop vite	قلبم تند میزنه	আমার বুক ধড়ফড় করছে। 		Kam rrahje zemre të shpejta	Srce mi ubrzano lupa.	Срце ми убрзано лупа.	У меня быстрая пульсация сердца	Ho la tachicardia	Dili min xera le adat.	Dilkutk tê min.	Jag har hjärtklappning/Hjertet mitt slår fort.	sydämeni lyö nopeasti				میرا دل تیزی سے دھڑکتا ہے	Búši mi srdce	Tengo taquicardía / Tengo el ritmo cardíaco acelerado	Gyorsan ver a szivem	O meu batimento cardíaco esta acelarado	Έχω ταχυκαρδία	Am batai de inima/ Inima îmi bate tare	Mám bušení srdce.	Имам повишен сърдечен ритъм.	Срцето ми бие забрзано (Srceto mi bie zabrzano)	Mabilis ang tibok ng puso ko	Toi bi Tim đập nhanh	Moje serce bije szybko	Srce mi hitro bije		mijn hart klopt heel snel		
Ich habe Herzstolpern	نبضات قلبي غير منتظمة	My heart beats irregular		Kalbim düzensiz atıyor.	J'ai des palpitations au coeur	قلبم نامنظم میزنه	আমার হৃদকম্পন অনিয়মিত হচ্ছে		Kam rrahje të zemrës të parregullta	Imam poremećaj srčanog ritma (aritmiju).	Срце ми лупа неправилно.	У меня нарушение сердечного ритма	Ho il battito irregolare		Dilê min bêaheng lêdixe.	Mitt hjärta slår oregelbundet/Hjertet mitt slår uregelmessig.	Sydämeni lyö epäsäännöllisesti				میرا دل بے قائدگی سے دھڑکتا ہے 	Moje srdce bije nepravidelne.	Tengo arritmia / el ritmo cardíaco irregular	Helytelenul ver a szivem	O meu batimento cardíaco é irregular	Έχω αρρυθμία.	Inima îmi bate neregulat.	Mám nepravidelný tep.	Имам нередовен сърдечен ритъм.	Срцето ми бие нередовно (Srceto mi bie neredovno)	Hindi regular ang tibok ng puso ko		Moje serce bije nieregularnie	Srce mi bije neenakomerno		mijn hart klopt onregelmatig		
Ich habe Brustschmerzen	أشعر بألم في الصدر	I have chest pain		Göğsüm ağrıyor.	J'ai des douleurs de poitrine	در قفسه سینه ام درد دارم	আমার বুকে ব্যথা করছে। 		Kam dhimbje gjoksi	Osjećam bol u prsima (Osećam bol u grudima).	Боле ме прса/груди.	У меня боль в груди	Ho dolore al petto	Singi min esh akat.	Sînga min diêşe.	Jag har bröstsmärtor/Jeg har brystsmerter.	Minulla on rintakipuja				میری چھاتی میں درد ہے 	Bolí ma v hrudi	Tengo un dolor en el pecho / Me duele el pecho 	Faj a mellkasom	Tenho uma dor no peito	Με πονάει το στήθος	Mă doare in piept	Bolí mě na hrudi.	Имам болки в гръдния кош.	Имам болки во градите (Imam bolki vo gradite)	Masakit ang dibdib ko	Toi bi Đau ngực	Boli mnie w klatce piersiowej	V prsih me boli		ik heb pijn in de borststreek		
					 																																	
Ich habe Magenschmerzen	لدي الم بالمعدة	I have stomach ache		Midem ağrıyor.	J'ai des douleurs d'estomac	من دل درد دارم	আমার পেট ব্যথা করছে। 		Kam dhimbje në stomak	Boli me želudac (stomak).	Боли ме желудац.	У меня боль в животе	Ho mal di pancia	Siki min esh akat.	Made min dixele.	Jag har magsmärtor/Jeg har magesmerter.	Mahaani sattuu				میرے پیٹ میں درد ہے 	Bolí ma brucho	Me duele/Tengo dolor de panza/estómago/vientre	Faj a hasam	Tenho uma dor no estomago	Έχω στομαχόπονο.	Am dureri de stomac	Bolí mě břicho	Имам болки в стомаха.	Ме боли стомакот (Me boli stomakot)	Masakit ang tiyan ko	Toi bi Đau dạ dày	Boli mnie brzuch / żołądek	Trebuh me boli		ik heb maagpijn		
Mir ist übel	اشعر بالغثيان	I feel sick		Hastayım.	Je me sens mal	من احساس مریضی میکنم	আমার অসুস্থ লাগছে। 		Ndjehem i sëmurë	Zlo mi je (muka mi je).	Мука ми је.	Я чувствую тошноту	Mi sento male		Dilê min li hev dikeve	Jag känner mig sjuk/Jeg føler meg dårlig/syk.	Minua oksettaa				میری طبیعت خراب ہے 	Je mi zle	Me siento mal/enfermo	Rosszul erzem magam	Estou mal disposto	Έχω ναυτία.	Mi-e rau	Je mi špatně	Лошо ми е.	Лошо ми е (Loso mi e)	Masama ang pakiramdam ko	Toi bi Buồn nôn	Jest mi niedobrze	Slabo mi je		ik voel me niet goed/ik ben misselijk		
Ich habe erbrochen	لقد تقيأت	I have been sick		Kustum	J'ai vomi	من مریض بوده ام	আমি অসুস্থ ছিলাম। 		Unë kam vjellë	Povraćao sam (m) / povraćala sam (f).	Повраћао/ла сам.	Я вырвал/а	Sono stata/o male		Ez vereşîyam.	Jag har kräkts/Jeg har kastet opp	Olen oksentanut				میں بیمار ریا ہوں 	Bol som chorý	He estado enfermo/enferma 	Beteg voltam	Eu estive doente	Έκανα εμετό. 	Am vomitat	Zvracím	Повърнах.	Повраќав (Povrakav)	Nagkasakit ako	Toi nôn	wymiotowałem/wymiotowałam	Bruhal sem (m), bruhala sem (f)		ik ben ziek geweest		
Ich habe Durchfall	لدي اسهال	I have diarrhoea		İshalim.	J'ai la diarrhée	اسهال دارم	আমার ডায়রিয়া হয়েছে। 		Unë kam diarre	Imam proljev (proliv).	Имам пролив.	У меня диарея/понос	Ho la dissenteria		Emelê min heye	Jag har diarré/Jeg har diaré.	Minulla on ripuli				مجھے دست 	Mám hnačku	Tengo diarrea	Hasmenesem van	Tenho diarreia	 Έχω διάρροια.	Am diaree	Mám průjem	Имам диария.	Имам дијареа (Imam dijarea)	Nagtatae ako	Toi bi Tiêu chảy	Mam rozwolnienie	Drisko imam		ik heb diarree		
Ich habe Verstopfung	لدي امساك	I have constipation		Kabiz oldum.	Je suis constipé/constipée	یبوست دارم	আমার কোস্টকাঠিন্য হয়েছে। 		Unë kam kapsllëk	Imam zatvor.	Имам затвор. / Не могу извршити велику нужду.	У меня констипация/запор	Sono costipata/o		Qebizbûn bi min re heye	Jag har förstoppning/Jeg er forstoppet.	Minulla on ummetus				مجھے قبض ہے 	Mám zápchu	Estoy constipado / constipada	Meg vagyok fazva	Estou obstipado	 Έχω δυσκοιλιότητα.	Sunt constipat	Mám zácpu	Имам запек.	Имам запек (Imam zapek)	May konstipasiyon ako		Mam zatwardzenie	Zaprta sem (f), zaprt sem (m)		ik heb obstipatie		
Ich kann nichts bei mir behalten	أستفرغ كل ما آكله وأشربه	I vomit up all food and drinks		Yediğim içtiğim her şeyi kusuyorum.	Je vomis toute nourriture et boisson	من همه غذا و نوشیدنی ها رو بالا اوردم	আমি সমস্ত খাবার বমি করে উগরে ফেলেছি 		Vjell cdo ushqim dhe lëngje	Povratim sve što popijem i pojedem.	Повратим све што попијем и поједем.	Я рву все, что пью и ем	Vomito solidi e liquidi		Ez her tiştê ku dixwim û vedixim diverişînim.	Jag kräks upp allt jag äter och dricker./Jeg kaster opp all mat og drikke.	oksennan kaiken ruoan ja juoman				میں تمام کھانا پینا ہظم نہیں کر پاتا اور الٹی کر دیتا ہوں	Zvraciam všetko čo príjmem	Vomito todo lo que como/ingiero y bebo/tomo	Minden kihanyok, amit megeszem	Vomito tudo o que como ou bebo	Κάνω εμετό ότι και να φάω ή να πιώ.	Nu pot să țin nimic in stomac/ vomit tot	Nic v sobě neudržím. Vše vyzvracím.	Не мога да задържам храна и течности.	Ја повраќам сета храна и течности (Ja povrakjam seta hrana i tecnosti)	Sinusuka ko lahat ng pagkain at inumin		Wymiotuję wszystko, co zjem i wypiję	Izbruham vse, kar pojem in popijem 		ik heb alles overgegeven en kan niets binnenhouden		
																																						
Ich muss ständig Wasser lassen	اتبول كل ساعة	I urinate every hour		Sürekli işemem lazim	Je dois uriner fréquemment	هر ساعت ادرار میکنم	আমি প্রতি ঘণ্টায় প্রস্রাব করি। 		Urinoj cdo orë	.	Уринирам сваких сат времена / често	Мне нужно постоянно в туалет	Devo urinare costantemente		Divê ez her gav mîz bikim	Jag kissar varje timme./Jeg urinerer hver time.	Virtsaan joka tunti				میں ہر گھنٹے پیشاب کرتا ہوں 	Močím každú hodinu.	Orino constantemente	Allandoan vizelnem kell	Urino a cada hora	Έχω συχνουρία.	Am incontinența urinară	Mám nucení na močení	Трябва да пикая постоянно.	Уринирам секој час (Uriniram sekoj cas)	Umiihi ako kada oras	Toi bi Đi tiểu	Oddaję mocz co godzinę	Kar naprej uriniram		ik moet ieder uur plassen		
Es schmerzt beim Wasser lassen	اشعر بالألم عند التبول	I have pain when urinating		İdrarımı yaparken ağrım oluyor.	J'ai mal lorsque j'urine	موقع ادرار کردن درد دارم	প্রস্রাব করার সময় আমার ব্যথা লাগে। 		Kam dhimbje gjatë urinimit	Osjećam (osećam) bol pri uriniranju.	Осећам бол при уринирању.	Мне больно при мочеиспускании	Ho bruciore quando urino		Gava ez mîz dikim dişewite.	Det gör ont när jag kissar./Det gjør vondt å urinere.	Virtsaaminen sattuu				مجھے پیشاب کرتے ہوئے تکلیف ہوتی ہے 	Bolí ma pri močení.	Me duele cuando orino	Faj, amikor vizelek	Sinto dor quando urino	Κατά την ούρηση  πονάω.	Ma doare când urinez	Mám bolesti při močení	Боли ме като пикая.	Имам болки при уринирање (Imam bolki pri uriniranje)	Masakit tuwing umiihi ako	Toi bi dau Đi tiểu	Odczuwam ból podczas oddawania moczu	Boli me, ko uriniram		het doet pijn bij het plassen		
Mein Urin riecht schlecht	هناك رائحة كريهة بالبول	My urine smells bad		İdrarım kötü kokuyor.	Mon urine sent mauvais 	ادرارم بوی بد میدهد	আমার প্রস্রাবে দুর্গন্ধ হয়। 		Urina ime vjen shumë erë	Urin mi smrdi.	Урин ми смрди.	У меня неприятный запах мочи	Le mie urine hanno un cattivo odore	Misi min boni naxoshi ledet.	Bêhneke xirab jî mîza min tê	Mitt urin luktar illa./Urinen min lukter vondt.	Virtsani haisee pahalta				میرے پیشاب سے بدبو آرہی ہے 	Moja moč smrdí	Mi orina huele mal	Rossz szaga van a vizeletemnek	A minha urina cheira mal	Τα ούρα μου μυρίζουν άσχημα.	Urina mea miroase urât	Moje moč páchne, smrdí.	Урината ми мирише лошо.	Мојата урина мириса лошо (Mojata urina mirisa loso)	Mabaho ang ihi ko	Mùi Nước tiểu co toi tồi	Mój mocz nieprzyjemnie pachnie	Moj urin smrdi		mijn urine ruikt slecht		
Ich kann nicht Wasser lassen	لا استطيع التبول	I can´t urinate		İdrarımı yapamıyorum.	Je ne peux pas uriner	نمیتوانم ادرار کنم	আমার প্রস্রাব করতে কষ্ট হয়। 		Nuk urinoj dot	Ne mogu urinirati.	Не могу да уринирам.	Я не могу помочиться	Non riesco a urinare	Natwanim mis bikam.	Ez nikarim mîz bikim	Jag kan inte kissa./Jeg kan ikke urinerer.	En voi virtsata				میں پیشاب نہیں کر پا رہا 	Nemôžem močiť	No puedo orinar	Nem tudok vizelni	Não consigo urinar	Δεν μπορώ να ουρήσω.	Nu pot să urinez	Nemůžu močit	Не мога да пикая.	Не можам да уринирам (Ne mozam da uriniram)	Hindi ako makaihi		Nie mogę oddać moczu	Ne morem urinirati		ik kan niet plassen		
Ich habe krampfartige Schmerzen in der Flanke	عندي اوجاع متقطعه في الخواصر	I have colic pain in my side		Belimde kolik agrim var.	J'ai des crampes au flanc	درد متناوب دارم	আমার একপাশে পেট ব্যথা করে। 		Kam dhimbje kolike	Imam kolike (grčeve) u bokovima.	Имам грчеве у боку	У меня боль/колики в боку	Ho crampi / coliche		Qolinc tê navtenga min.	Jag har kramp i sidan./Jeg har kolikksmerter i siden	Minulla on kramppaavia kipuja kyljissäni				مجھے مروڑ اٹھ رھا ہے 	Mám koliku.	Tengo cólico	Savas a gyomrom	Tenho cólicas	Έχω κόλικο στα νεφρά.	Am colici	Mám křečové bolesti v boku	Имам отстрани болка на пристъпи. 	Имам ужасна болка од страна (Imam uzasna bolka od strana)			Mam kolkę z boku			ik heb krampen in mijn zij		
																																						
Ich könnte schwanger sein	قد اكون حامل/حبلى	I might be pregnant		Hamile olabilirim.	Il est possible que je sois enceinte	امکان حاملگی وجود دارد	আমি হয়ত সন্তানসম্ভবা। 		Ka mundësi te jem shtatëzënë	Moguće je da sam trudna.	Можда сам трудна.	Может быть, я беременная	Potrei essere incinta	Lawanaia siki min pira.	Dibe ku ez dûcanî me	Jag tror att jag är gravid./Jeg er muligens/kanskje gravid.	Saatan olla raskaana				میں شاید حاملہ ہوں	Možno som tehotná	Creo que estoy embarazada / Puede que esté embarazada 	Azt hiszem, terhes vagyok	Acho que estou grávida	Ίσως είμαι έγκυος.	S-ar putea sa fiu gravidă	Mohla bych být těhotná.	Може би съм бременна.	Можеби сум бремена (Mozebi sum bremena)	Mukang buntis ako	Tôi có thể bi mang thai	Możliwe, że jestem w ciąży	Mogoče sem noseča		het kan zijn dat ik zwanger ben		
Ich bin schwanger und habe Blutungen	انا حامل/حبلى وأنزف	I am pregnant and I am bleeding		Hamileyim ve kanamam oluyor.	Je suis enceinte et je saigne	من حامله هستم و خون ریزی دارم	আমি হয়ত সন্তানসম্ভবা এবং আমার রক্ত পড়ছে।		Jam shtatëzënë dhe kam gjakderdhje	Trudna sam i krvarim.	Трудна сам и крварим.	Я беременная и у меня кровотечение	Sono incinta e ho perdite di sangue	خەریکە منالم دەبێ	Ez dûcanî me û xwina min tê.	Jag är gravid och jag blöder./Jeg er gravid og jeg blør.	Olen raskaana ja vuodan verta				میں حاملہ ہوں اور مجھے خون آ رہا ہے 	Som tehotná a krvácam	Estoy embarazada y sangro/tengo hemorragia	Terhes vagyok es verzem	Eu estou grávida e estou a sangrar	Είμαι έγκυος κ έχω αιμορραγία.	Sunt gravida și sângerez	Jsem těhotná a krvácím.	Бременна съм и кървя.	Бремена сум и крварам (Bremena sum i krvaram)	Buntis ako at nagdudugo ako	Toi bi mang thai	Jestem w ciąży i krwawię	Noseča sem in krvavim		ik ben zwanger en ben aan het bloeden		
Ich habe Wehen	عندي الام الولاده او المخاض	I am in labour		Doğuruyorum.	J'ai des contractions	درد زايمان دارم	আমার প্রসব বেদনা শুরু হয়েছে। 		Unë kam kontrakcione	Imam trudove. (Porađam se.)	Осећам трудове/контракције/порађам се.	У меня схватки	Ho le doglie		Qolincên zayînê têne min.	Jag har värkar./Jeg har veer.	Synnytykseni on käynnissä				مجھے دردیں شروع ہو گئی ہیں	Rodím	Estoy por parir/pariendo	Mindjart megszulok	Estou em trabalho de parto	Έσπασαν τα νερά μου.	Sunt in durerile fâcerii	Mám kontrakce.	Имам контракции.	Имам контракции (Imam kontrakcii)	Panganak na ako		Mam skurcze / rodzę	Popadke imam		ik heb weeen		
Ich hatte vor 2 Tagen Sex	قمت بممارسة الجنس قبل يومين	I last had sex 2 days ago		En son 2 gün önce cinsel ilişkiye girdim.	J'ai eu des rapports il y a deux jours	آخرین نزدیکی من ۲ روز پیش بوده	আমার দুদিন আগে যৌন মিলন হয়েছে। 		Kam patur marrëdhënie seksuale dy ditë me parë	Zadnji spolni odnos imao (m) /imala (f) sam prije (pre) 2 dana.	Задњи полни однос сам имао/ла пре два дана.	У меня был секс 2 дня назад	Ho avuto rapporti sessuali due giorni fa 	دوو رۆژ لەمەوبەر سێکسم کرد	Herî dawî du roj berê ez bi yekî/yekê re hev şa bûm.	Jag hade samlag för 2 dagar sedan./Jeg hadde sist samleie for 2 dager siden.	Harrastin seksiä 2 (kaksi) päivää sitten				میں نے دو روز پہلے ہم بستری کی تھی 	Mala som sex pred dvoma dňami	Tuve sexo/relaciones sexuales por última vez hace 2 días	Utoljara ket napja volt szexualis viszonyom	Tive sexo há dois dias atrás	Τελευταία φορά είχα σεξ πριν από δύο ημέρες.	Acum doua zile a fost ultima data cand am făcut sex 	Před dvěma dny jsem měla pohlavní styk.	Имах секс преди 2 дни.	Имав секс пред 2 дена (Imav seks pred 2 dena)	Nagseks ako sa dalawang araw na nakalipas	2 ngày trước, Tôi đã có quan hệ tình dục	Uprawiałem / uprawiałam seks dwa dni temu	Nazadnje sem imela spolne odnose pred dvema dnevoma (f), nazadnje sem imel spolne odnose pred dvema dnevoma (m)		ik heb 2 dagen geleden gemeenschap gehad		
Ich hatte seit langem keinen Sex	لم اقم بممارسة الجنس منذ فترة	I have not had sex for a long time		Uzun zamandır cinsel ilişkiye girmedim.	Je n'ai pas eu de rapports sexuels depuis longtemps	مدت زیادی است که نزدیکی نداشته ام	আমার অনেক দিন ধরে যৌন মিলন হয়না		Nuk kam patur marëdhënie seksuale për një kohë të gjatë	Već duže vrijeme (vreme) nisam imao (m) / imala (f) spolni odnos.	Већ одавно нисам имао/ла никакве полне односе.	У меня давно не было секса	Non ho avuto rapporti sessuali per lungo tempo	نەمێژە سێکسم نەکردووە	Demekê direjê bi kesekî re hev şa nebûm.	Jag har inte haft samlag på länge./Jeg har ikke hatt samleie på lenge.	En ole harrastanut seksiä pitkään aikaan				میں نے طویل وقت  سے  ہم بستری نہیں کی	Dlho som nemal sex	No he tenido sexo/relaciones sexuales en mucho tiempo	Regota nem volt szexualis kapcsolatom	Já não faço sexo há bastante tempo	 Δεν Έκανα σεξ για μεγάλο χρονικό διάστημα.	Nu am făcut sex de foarte mult timp	Už jsem dlouho něměla pohlavní styk	Нямах секс от дълго време.	Не сум имал секс долго време (Ne sum imal seks dolgo vreme)	Matagal na akong hindi nagseks	Tôi lâu không có quan hệ tình dục	Od dawna nie uprawiałem / -am seksu	Že dolgo nisem imela spolnih odnosov (f), že dolgo nisem imel spolnih odnosov (m)		ik heb in lange tijd geen gemeenschap gehad		
Ich habe Ausfluss aus der Scheide	عندي افرازات من المهبل	I have a discharge from my vagina		Vajinal akintim var.	J'ai des pertes du vagin	از واژنم ترشح دارم	আমার যোনিপথ দিয়ে স্রাব বেরুচ্ছে		Kam shkarkim nga vagina	Imam iscjedak (sekret) iz vaginalnog otvora.	Имам секрет из вагиналног отвора.	У меня влагалищные выделения	Ho perdite vaginali		Herikîna min a vajinal heye.	Jag har flytningar./Jeg har vaginal utflod.	Minulla on vaginaalista eritettä				میری شرم گاہ سے اخراج ہو رہا ہے	Mám výtok z vagíny	Tengo secreción/pérdida vaginal	Valadekozik a huvelyem	Tenho secreção vaginal	Έχω εκκρίσεις απο τον κόλπο μου.	Imi curge fluid din vagina	Mám výtok z pochvy.	Имам течност от вагината.	Имам исцедок од вагиналниот отвор (Imam iscedok od vaginalniot otvor)	May lumalabas mula sa aking puki		Mam upławy z pochwy	Imam izcedek iz nožnice		Ik verlies vocht vanuit mijn vagina		
Ich habe Ausfluss aus der Harnröhre	عندي افرازات من مجرى البول	I have a discharge from my urethra		Idrar yolundan akinti geliyor.	J'ai des écoulements de l'urètre	از پيشابم ترشح دارم	আমার মূত্রনালী থেকে স্রাব বেরুচ্ছে		Kam shkarkimin nga uretra	Imam iscjedak iz mokraćne cijevi (sekret iz mokraćnog otvora).	Имам секрет из мокраћног отвора.	У меня выделения из мочеиспускательного канала/уретры	Ho perdite dall'uretra		Di rîya mîzê ya min de herikîn heye.	Jag har flytningar från urinröret./Jeg har utflod fra urinrøret.					میرے عضو تناسل سے اخراج ہو رہا ہے	Mám výtok z močovej rúry.	Tengo secreción/pérdida de la uretra	Vizeletet vesztek	Tenho secreção uretral	 Έχω εκκρίσεις απο την ουρήθρα μου.	Imi curge fluid din uretră	Mám výtok z močové trubice	Имам течност от уретрата.	Имам исцедок од мочниот отвор (Imam iscedok od mocniot otvor)	May lumalabas mula sa aking yuritra		Mam upławy z cewki moczowej	Imam izcedek iz sečevoda		Ik heb afscheiding uit mijn plasbuis.		
Ich bin vergewaltigt worden	لقد تعرضت للاغتصاب	I have been raped		Tecavüze uğradım.	J'ai été violé/violée	به من تجاوز شده	আমাকে ধর্ষণ করা হয়েছে। 		Me kane perdhunuar	Silovan sam (m) / silovana sam (f).	Силовали су ме.	Меня изнасиловали 	Ho subito violenza sessuale / Sono stato violentato / Sono stata violentata	ئابروویان بردوم	Tecawizî min kirin.	Jag har blivit våldtagen./Jeg har blitt voldtatt.	Minut on raiskattu				میرے ساتھ جنسی زیادتی کی گئی یے / میری عصمت دری کی گئی ہے	Bola som znasilnená	Fui violado/violada/ abusado/abusada sexualmente	Megeroszakoltak	Fui violada/estuprada	Με έχουν βιάσει.	Am fost violată	Byla jsem znásilněna	Аз съм изнасилен/а.	Бев силуван/а (Bev siluvan/a)	Ginahasa ako/Nagahasa ako	Toi bi Hiếp dâm	Zgwałcono mnie	Posiljena sem bila		ik ben verkracht		
																																						
Ich habe Taubheitsgefühl im ..	عندي شعور تخدير في...	My ... feels numb		... (mı) hissetmiyorum.	J'ai des sensations d'engourdissement à/dans ... 	... بی حس هست	আমার ... কোন সংবেদনশীলতা নেই। 		Unë kam mpirje në ..	Ne osjećam (osećam)... (Obamro mi je taj dio tela.)	Не осећам...	Не чувствую...	Ho il/la ... intorpidito		... xwe hîsnakim.	Jag har domningar i.../Min... føles nummen.	Minun...on tunnoton				میرے۔۔۔۔۔میں جان نہیں 	Necítim si ...	No siento mi(s)...	Nem erzem a ...	O meu/minha....está dormente	Νιώθω μούδιασμα στο......	Nu îmi simt ...	Mám necitlivé.....	Нямам чувство в....	Немам осет во... (Nemam oset vo...)	Manhid ang ... ko		Czuję odrętwienie w...	Ne čutim ...		ik heb een doof gevoel in mijn... 		
Ich habe Kribbeln im ..	عندي ارتعاش في...	My .. is tingling		(um) karincalaniyor.	J'ai des fourmillements à/dans...	... میلرزد	আমার ...  শির শির করছে। 		Më bën si miza...	Trne mi... (Osećam žmarce u...) 	Трне ми...	У меня зудит...	Ho il formicolio al ...		... min girîzokî dibe.	Jag har stickningar i.../Min... prikker.	Minun... kutittaa					Cítim mravenčenie v ....	Tengo/siento hormigueo en mi(s)... 	Zsibbad a ...	O meu/minha....está a tremer	Έχω μυρμήγκιασμα στο......		Brní mi .....	Чувствам сърбене в....	Чувствувам трнење во... (Cuvstvuvam trnenje vo...)	Nangingilig ang aking.... 	Tôi có cảm giác ngứa ran trong/ o ...	Swędzi mnie...	Mravljinči me v ... 		mijn ... tintelt		
Mein ... ist schwach	عندي ضعف في...	My .. is weak		... (m) zayıf.	Ma/mon ... est faible 	... ضعف دارد	আমার ... দুর্বল। 		___ ime është e dobët	Osjećam (osećam) slabost u...	Слаб/a/o ми је...	Мой/моя... слабый/слабая	Il/la mio/a ... è debole		...qels e.	Jag är svag i.../Min.. er svak. 	Minun... on heikko				میری ۔۔۔کمزور ہے	Mám slabé ...	Mi(s)... está(n) débil(es)	A .. gyenge.	O meu/minha....está fraca(o)	Το..... είναι αδύναμο.	...este slabit	Cítím se slabě	Моят/моята/моето ... се чувство слаб/а/о.	Мојот/мојата/моето... е ослабнат/а/о (Mojot/mojata/moeto... e oslabnat/a/o)	Mahina ang... ko	... của tôi yếu	Mój / moja ... jest słaby /a	Moj/moja ... je šibek/šibka		Ik heb een zwak ...		
Mein .. ist gelähmt	عندي شلل في ...	My .. is paralysed		(um) uyustu.	Ma/mon .... est paralysé 	....م فلج شده	আমার ...... অবশ হয়ে গেছে।  		___ ime është e paralizuar	Moj (moja, moje) je paraliziran (paralizirana, paralizirano).	Парализован/a/o ми је...	Мой/моя...  парализованный/парализованная	Il/la mio/a ... è paralizzato/a	شەلەلم	... tevizî.	Jag är förlamad i.../Min.. er paralysert.	Minun... on halvaantunut				میری / میرا... مفلوج ہے	Mám ochromené ....	Mi(s)... está(n) paralizado(s)/paralizada(s)	A ... nem mozog/mozognak.	O meu/minha.... está paralizada(o)	Το.... είναι παράλυτο.	..este paralizat	Moje.....jsou paralyzovány	Моят/моята/моето ... се чувство парализиран/а/о.	Мојот/мојата/моето... е парализиран/а/о (Mojot/mojata/moeto... e paraliziran/a/o)	Paralisado ang ... ko	... của tôi tê liệt	Mój / moja ... jest sparalizowany / a	Moj/moja ... je ohromel/ohromela 		mijn ... is verlamd		
Ich kann nicht sprechen	لا استطيع التكلم	I cannot speak		Konuşamıyorum.	Je ne peux pas parler	من نمیتوانم صحبت کنم	আমি কথা বলতে পারছি না। 		Nuk mund te flas	Ne mogu govoriti.	Не могу да причам.	Я не могу говорить	Non posso parlare	Natwanim qsa bikam.	Ez nikarim biaxivim.	Jag kan inte prata./Jeg kan ikke prate.	En voi puhua				میں بول نہیں سکتا	Nemôžem hovoriť	No puedo hablar	Nem tudok beszelni.	Não consigo falar	Δεν μπορώ να μιλήσω.,	Nu pot vorbi	Nemohu mluvit	Не мога да говоря.	Не можам да зборувам (Ne mozam da zboruvam)	Hindi ako makapagsalita	Tôi không thể nói được	Nie mogę mówić	Ne morem govoriti		ik kan niet praten		
Ich kann nicht sehen	لا استطيع الرؤية	I cannot see		Göremiyorum.	Je ne vois pas	نمیتوانم ببینم	আমি দেখতে পাচ্ছি না		Nuk mund te shoh	Ne vidim.	Не могу да гледам.	Я не вижу	Non vedo 	Natwanim shtek bibinim.	Ez nikarim bibînim.	Jag kan inte se./Jeg kan ikke se.	En näe mitään				میں دیکھ نہیں سکتا 	Nevidím	No veo / No puedo ver	Nem latok.	Não consigo ver	Δεν βλέπω.	Nu pot să văd	Nevidím	Не виждам.	Не можам да гледам (Ne mozam da gledam)	Hindi ako makakita	Tôi không nhìn được	Nie widzę	Ne vidim		ik kan niet zien, ik ben blind		
Ich habe Kopfschmerzen	لدي صداع	I have a headache		Başım ağrıyor.	J'ai mal à la tête	سردرد دارم	আমার মাথা ধরেছে		Kam dhimbje koke	Imam glavobolju.	Боли ме глава. 	У меня болит голова	Ho mal di testa	Seri min esh akat.	Serê min diêşe.	Jag har ont i huvudet./Jeg har vondt i hodet.	Minun päätäni särkee				میرے سر میں درد یے 	Bolí ma hlava	Tengo dolor de cabeza / Me duele la cabeza 	Faj a fejem.	Tenho uma dor de cabeça	Έχω πονοκέφαλο.	Am dureri de cap	Bolí mne hlava	Боли ме главата.	Имам главоболка (Imam glavobolka)	Masakit ang ulo ko	Toi bi Đau đầu	Boli mnie głowa	Glava me boli		ik heb hoofdpijn		
Ich kann den Kopf nicht beugen	لا استطيع ان احني راسي	I cannot flex my neck		Basimi egemiyorum.	Je n'arrive pas à bouger la tête	نمیتوانم گردنم را خم کنم	আমি ঘাড় নাড়াতে পারছি না। 		Nuk mund ta lëviz qafen	Ne mogu sagnuti glavu.	Не могу да истегнем врат.	Я не могу наклонять голову	Non posso piegare/girare il collo	ناتوانم ملم بسورینم 	Ez nikarim serê xwe bitewînim.	Jag kan inte böja nacken./Jeg klarer ikke bøye nakken.	En voi kääntää päätäni				میں گردؓن نہیں ہلا سکتا	Nemôžem hýbať hlavou	No puedo flexionar/mover/girar el cuello	Nem tudom mozgatni a nyakam.	Não consigo flexionar o pescoço/mover a cabeça	Δεν μπορώ να σκύψω το κεφάλι.	Nu pot să-mi mișc capul	Nemohu pohnout hlavou.	Не мога да движа главата си	Не можам да го движам вратот (Ne mozam da go dvizam vratot)	Hindi ko magalaw ang aking leeg.	Tôi không có uốn đầu được	Nie mogę zgiąć szyi	Ne morem premakniti glave		ik kan mijn nek niet draaien		
					 																											Toi bi Điếc						
Ich bin ängstlich	أنا أشعر بالخوف	I feel frightened		Tedirginim.	J'ai peur	احساس ترس میکنم	আমার ভয় লাগছে। 		Kam frikë	Strah me. / Bojim se. / Plašim se.	Плашим се.	Я боюсь	Ho paura	Min atirsim.	Ez ditirsim.	Jag är rädd./Jeg er redd.	Minua pelottaa				مجھے ڈر لگتا یے 	Bojím sa	Tengo miedo	Felek	Estou assustada(o)	Είμαι φοβιτσιάρης.	Mi-e frică	Mám strach, jsem vystrašný.	Страх ме е.	Се плашам (Se plasam)	Natatakot ako	Toi lo lắng	Boję się	Strah me je		ik ben bang		
Ich bin niedergeschlagen	اشعر بالاكتئاب	I feel depressed		Depresyondayım.	Je me sens déprimé/déprimée	احساس افسردگی میکنم	আমার বিষণ্ণ লাগছে। 		Ndihem depresiv	Depresivan sam (m) / depresivna sam (f).	Депресиван/на сам.	Я в подавленном настроении 	Sono depressa/o	هەست بە غەمباری دەکەم	Ez di depresyonê de me.	Jag känner mig deprimerad./Jeg er deprimert.	Minua masentaa				میں ذہنی دباو کا شکار ہوں	Cítim sa deprimovane	Estoy deprimido/deprimida	Depresszios vagyok	Estou deprimida(o)	Αισθάνομαι καταθλιμμένος.	Sunt deprimat/deprimată	Mám depresi.	Чувствам се отпаднал/а (депресиран/а).	Депримиран/а сум (Deprimiran/a sum)	Malungkot na malungkot ako	Tôi cảm thấy chán nản	Mam depresję/Czuje sie zdołowany/-a	Potrt sem (m), potrta sem (f)		ik voel me depressief		
Ich fühle mich traurig	اشعر بالحزن	I feel sad		Üzgün hissediyorum.	Je me sens triste	غمگینم	আমার দুঃখ পাচ্ছে। 		Jam e/i trishtuar (e - fem; i- masc)	Tužan sam (m) / tužna sam (f).	Тужан/на сам.	Я расстроен/расстроена	Sono triste	Min dilim tanga.	Ez xemgin im.	Jag känner mig ledsen./Jeg er trist.	Olen surullinen				میں افسرد۰ ہوں 	Je mi smutno	Estoy triste	Szomoru vagyok	Estou triste	Είμαι λυπημένος.	Sunt trist/tristâ (fem)	Je mi smutno.	Чувствам се тъжен/тъжна.	Тажен/а сум (Tazen/a sum)	Nalulungkot ako	Tôi cảm thấy buồn	Jest mi smutno	Žalostna sem (f), žalosten sem (m)		ik ben droevig		
Ich denke an Selbstmord	افكر بالانتحار	I think about suicide		İntiharı düşünüyorum.	Je pense au suicide	به خودکشی فکر میکنم	আমি আত্মহত্যার কথা ভাবছি। 		Po mendoj te vras veten (mendoj per vetevrasjen)	Razmišljam o samoubojstvu (samoubistvu).	Размишљам о самоубиству.	Я думаю о самоубийстве	Penso al suicidio	Min biri awa akam xom bikujim.	Ez xwekûştinê difikirim.	Jag tänker på självmord./Jeg tenker på selvmord.	Ajattelen itsemurhaa				میں خودکشی کے بارے میں سوچتاہوں 	Myslím na samovraždu	Tengo pensamientos suicidas / Pienso en suicidarme 	Ongyilkos gondolataim vannak	Penso em suicídio	Σκέφτομαι να αυτοκτονήσω.	Am gânduri de sinucidere	Mám sebevražedné myšlenky.	Мисля да се самоубия.	Размислувам да се самоубијам (Razmisluvam da se samoubijam)	Iniisip kong magpakamatay	Tôi đang nghĩ đến việc tự sát	Myślę o popełnieniu samobójstwa	Razmišljam o samomoru		ik denk aan zelfmoord		
Ich höre Stimmen, wenn niemand da ist	أسمع أصواتاً حين أكون بمفردي	I hear voices when i am alone		Yalnızken sesler duyuyorum. 	J'entends des voix lorsque je suis seul/seule	وقتی تنهایم صداهایی میشنوم	আমি একা থাকলে অনেকের কথা শুনি		Degjoj zëra kur jam vetëm	Čujem glasove kada sam sam (m) / sama (f.).	Чујем гласове када никога нема.	Я слышу голоса, когда никого нет	Sento delle voci quando sono sola	لەگەل خۆم قسە دەکەم کاتێک بە تەنهام	Di tenêtîyê de ez dengan dibihîsim.	Jag hör röster när jag är själv./Jeg hører stemmer når jeg er alene.	Kuulen ääniä kun olen yksin				مجھے اکیلے میں ؓآوازیں سنائی دیتی ہیں	Počujem hlasy	Escucho voces cuando estoy solo/sola	Hangokat hallok, mikor egyedul vagyok.	Ouço vozes quando estou sozinho	Ακούω φωνές όταν είμαι μόνος.	Aud voci când nu este nimeni in preajmă	Slyším hlasy, mám sluchové halucinace.	Чувам гласове, когато съм сам/а.	Кога сум сам/а, слушам гласови (Koga sum sam/a, slusam glasovi)	Nakakarinig ako ng boses tuwing magisa ako	Tôi nghe thấy tiếng nói khi không có ai	Słyszę głosy, gdy jestem sam / sama	Slišim glasove, ko sem sam/a		ik hoor stemmen wanneer ik alleen ben		
Ich fühle mich beobachtet	اشعر بأنني مراقَب	I feel like I'm being watched		Takip edildiğimi hissediyorum.	J'ai l'impression d'être surveillé/surveillée	فکر میکنم من را زیر نظر دارند	আমার মনে হয় কেউ আমাকে চোখে চোখে রাখছে		Ndjej se po më vëzhgojnë	Imam osjećaj  da me nadziru (Imam osećaj da me neko posmatra).	Имам осеђај да ме неко гледа/прати.	Мне кажется что за мной следят	Ho la sensazione di essere sorvegliata/o	هەستدەکەم چاودێری دەکرێم	Ez hîs dikim ku tême şopandin.	Jag känner mig förföljd./Jeg føler jeg blir overvåket.	Minusta tuntuu että minua tarkkaillaan.				مجھے لگتا یے کہ کوئی میری نگرانی کر رہا ہے 	Mám pocit že ma sledujú	Me siento observado/observada 	Ugy erzem, megfigyelnek.	Sinto que estou a ser observado	 Νιώθω ότι με παρακολουθούν.	Ma simt urmarit/urmarită	Mám pocit, že mne někdo pozoruje.	Чувстам се наблюдаван/а.	Имам чувство дека некој ме гледа (Imam cuvstvo deka nekoj me gleda)	Pakiramdam ko na may nanonood sa akin	Tôi cảm thấy quan sát	Czuję się obserwowany / a	Počutim se, kot da me kdo opazuje		ik denk dat er iets / iemand mij bespied		